County_cd,State,County_nm,pills
02016,AK,ALEUTIANS WEST,30000
02020,AK,ANCHORAGE,8609670
02090,AK,FAIRBANKS NORTH STAR,2034370
02100,AK,HAINES,59800
02110,AK,JUNEAU,864300
02122,AK,KENAI PENINSULA,2379380
02130,AK,KETCHIKAN GATEWAY,535260
02150,AK,KODIAK ISLAND,261300
02170,AK,MATANUSKA SUSITNA,3166320
02195,AK,PETERSBURG,114000
02198,AK,PRINCE OF WALES HYDER,121600
02220,AK,SITKA,240000
02240,AK,SOUTHEAST FAIRBANKS,88900
02261,AK,VALDEZ CORDOVA,253100
02275,AK,WRANGELL,45800
01001,AL,AUTAUGA,2817500
01003,AL,BALDWIN,8620950
01005,AL,BARBOUR,1009540
01007,AL,BIBB,1058140
01009,AL,BLOUNT,1499320
01011,AL,BULLOCK,191120
01013,AL,BUTLER,975600
01015,AL,CALHOUN,6577979
01017,AL,CHAMBERS,1758270
01019,AL,CHEROKEE,1585780
01021,AL,CHILTON,1902160
01023,AL,CHOCTAW,660700
01025,AL,CLARKE,1044480
01027,AL,CLAY,659820
01029,AL,CLEBURNE,276100
01031,AL,COFFEE,2069940
01033,AL,COLBERT,4475610
01035,AL,CONECUH,812300
01037,AL,COOSA,159340
01039,AL,COVINGTON,2344760
01041,AL,CRENSHAW,443730
01043,AL,CULLMAN,4591560
01045,AL,DALE,1518770
01047,AL,DALLAS,1682220
01049,AL,DE KALB,2986170
01051,AL,ELMORE,2862189
01053,AL,ESCAMBIA,1979780
01055,AL,ETOWAH,7271380
01057,AL,FAYETTE,667240
01059,AL,FRANKLIN,2653600
01061,AL,GENEVA,1000430
01063,AL,GREENE,106530
01065,AL,HALE,398710
01067,AL,HENRY,451300
01069,AL,HOUSTON,4874060
01071,AL,JACKSON,3444800
01073,AL,JEFFERSON,32020841
01075,AL,LAMAR,662800
01077,AL,LAUDERDALE,4469150
01079,AL,LAWRENCE,1659530
01081,AL,LEE,2340130
01083,AL,LIMESTONE,2770330
01085,AL,LOWNDES,94450
01087,AL,MACON,388590
01089,AL,MADISON,16943460
01091,AL,MARENGO,713400
01093,AL,MARION,2836820
01095,AL,MARSHALL,5853430
01097,AL,MOBILE,19164150
01099,AL,MONROE,817450
01101,AL,MONTGOMERY,7939230
01103,AL,MORGAN,6805700
01105,AL,PERRY,163240
01107,AL,PICKENS,564710
01109,AL,PIKE,1193600
01111,AL,RANDOLPH,854480
01113,AL,RUSSELL,2607500
01115,AL,SAINT CLAIR,2962540
01117,AL,SHELBY,7369100
01119,AL,SUMTER,236920
01121,AL,TALLADEGA,4155620
01123,AL,TALLAPOOSA,1407130
01125,AL,TUSCALOOSA,6529240
01127,AL,WALKER,9267240
01129,AL,WASHINGTON,151400
01131,AL,WILCOX,136000
01133,AL,WINSTON,1938139
05001,AR,ARKANSAS,940990
05003,AR,ASHLEY,750860
05005,AR,BAXTER,1824620
05007,AR,BENTON,6651540
05009,AR,BOONE,1655430
05011,AR,BRADLEY,341700
05013,AR,CALHOUN,201000
05015,AR,CARROLL,1590440
05017,AR,CHICOT,587030
05019,AR,CLARK,920380
05021,AR,CLAY,620460
05023,AR,CLEBURNE,1025520
05025,AR,CLEVELAND,16380
05027,AR,COLUMBIA,839860
05029,AR,CONWAY,910000
05031,AR,CRAIGHEAD,4765200
05033,AR,CRAWFORD,3522360
05035,AR,CRITTENDEN,1944600
05037,AR,CROSS,543820
05039,AR,DALLAS,257500
05041,AR,DESHA,435760
05043,AR,DREW,585900
05045,AR,FAULKNER,3020000
05047,AR,FRANKLIN,844400
05049,AR,FULTON,786200
05051,AR,GARLAND,5646949
05053,AR,GRANT,458200
05055,AR,GREENE,3096550
05057,AR,HEMPSTEAD,938680
05059,AR,HOT SPRING,972500
05061,AR,HOWARD,618140
05063,AR,INDEPENDENCE,1875320
05065,AR,IZARD,1144400
05067,AR,JACKSON,713860
05069,AR,JEFFERSON,1649440
05071,AR,JOHNSON,1093600
05073,AR,LAFAYETTE,238170
05075,AR,LAWRENCE,764240
05077,AR,LEE,164500
05079,AR,LINCOLN,163830
05081,AR,LITTLE RIVER,640110
05083,AR,LOGAN,1060860
05085,AR,LONOKE,2017280
05087,AR,MADISON,386060
05089,AR,MARION,589130
05091,AR,MILLER,1966770
05093,AR,MISSISSIPPI,2098550
05095,AR,MONROE,220000
05097,AR,MONTGOMERY,251760
05099,AR,NEVADA,191100
05101,AR,NEWTON,91540
05103,AR,OUACHITA,1068900
05105,AR,PERRY,244600
05107,AR,PHILLIPS,1356000
05109,AR,PIKE,728920
05111,AR,POINSETT,1368310
05113,AR,POLK,1102830
05115,AR,POPE,2169060
05117,AR,PRAIRIE,175880
05119,AR,PULASKI,14338530
05121,AR,RANDOLPH,500530
05123,AR,SAINT FRANCIS,627210
05125,AR,SALINE,3834210
05127,AR,SCOTT,777260
05129,AR,SEARCY,209500
05131,AR,SEBASTIAN,8336670
05133,AR,SEVIER,638100
05135,AR,SHARP,721290
05137,AR,STONE,599590
05139,AR,UNION,2093990
05141,AR,VAN BUREN,633000
05143,AR,WASHINGTON,6143540
05145,AR,WHITE,2531150
05147,AR,WOODRUFF,412530
05149,AR,YELL,927020
04001,AZ,APACHE,607550
04003,AZ,COCHISE,5352440
04005,AZ,COCONINO,3248390
04007,AZ,GILA,2628120
04009,AZ,GRAHAM,2052400
04011,AZ,GREENLEE,89100
04012,AZ,LA PAZ,743400
04013,AZ,MARICOPA,128380883
04015,AZ,MOHAVE,14139430
04017,AZ,NAVAJO,3266380
04019,AZ,PIMA,41120037
04021,AZ,PINAL,9329010
04023,AZ,SANTA CRUZ,728560
04025,AZ,YAVAPAI,8949605
04027,AZ,YUMA,4083780
06001,CA,ALAMEDA,84677990
06005,CA,AMADOR,2465760
06007,CA,BUTTE,16754890
06009,CA,CALAVERAS,2611000
06011,CA,COLUSA,729360
06013,CA,CONTRA COSTA,29235059
06015,CA,DEL NORTE,2172030
06017,CA,EL DORADO,7275640
06019,CA,FRESNO,28460580
06021,CA,GLENN,1493900
06023,CA,HUMBOLDT,10116340
06025,CA,IMPERIAL,3036420
06027,CA,INYO,858600
06029,CA,KERN,25650350.0
06031,CA,KINGS,4361600
06033,CA,LAKE,5860580
06035,CA,LASSEN,2669240
06037,CA,LOS ANGELES,206377451.4
06039,CA,MADERA,3911070
06041,CA,MARIN,7677500
06043,CA,MARIPOSA,370400
06045,CA,MENDOCINO,5412250
06047,CA,MERCED,7204760
06049,CA,MODOC,657360
06051,CA,MONO,226500
06053,CA,MONTEREY,10600776
06055,CA,NAPA,4215420
06057,CA,NEVADA,4970620
06059,CA,ORANGE,65321500.0
06061,CA,PLACER,15861209
06063,CA,PLUMAS,1512400
06065,CA,RIVERSIDE,54193620
06067,CA,SACRAMENTO,62367800
06069,CA,SAN BENITO,1068700
06071,CA,SAN BERNARDINO,57017750
06073,CA,SAN DIEGO,80656024
06075,CA,SAN FRANCISCO,17650600
06077,CA,SAN JOAQUIN,24701730
06079,CA,SAN LUIS OBISPO,10212530
06081,CA,SAN MATEO,14632550
06083,CA,SANTA BARBARA,13170770
06085,CA,SANTA CLARA,27635469
06087,CA,SANTA CRUZ,8912620
06089,CA,SHASTA,16051170
06091,CA,SIERRA,82600
06093,CA,SISKIYOU,2668800
06095,CA,SOLANO,13171820
06097,CA,SONOMA,17635200
06099,CA,STANISLAUS,28147730
06101,CA,SUTTER,6100580
06103,CA,TEHAMA,3920960
06105,CA,TRINITY,934600
06107,CA,TULARE,14850780
06109,CA,TUOLUMNE,4765790
06111,CA,VENTURA,20330888.0
06113,CA,YOLO,5764500
06115,CA,YUBA,3775620
08001,CO,ADAMS,9854440
08003,CO,ALAMOSA,1208420
08005,CO,ARAPAHOE,13402360
08007,CO,ARCHULETA,189000
08009,CO,BACA,77300
08011,CO,BENT,136700
08013,CO,BOULDER,7383370
08014,CO,BROOMFIELD,1473200
08015,CO,CHAFFEE,755560
08017,CO,CHEYENNE,38100
08019,CO,CLEAR CREEK,221500
08021,CO,CONEJOS,261700
08025,CO,CROWLEY,162100
08029,CO,DELTA,1537360
08031,CO,DENVER,9912130
08035,CO,DOUGLAS,5257440
08037,CO,EAGLE,1146695
08041,CO,EL PASO,16568530
08039,CO,ELBERT,217600
08043,CO,FREMONT,2004400
08045,CO,GARFIELD,1911800
08047,CO,GILPIN,22600
08049,CO,GRAND,288600
08051,CO,GUNNISON,264800
08053,CO,HINSDALE,100
08055,CO,HUERFANO,312700
08059,CO,JEFFERSON,19859690
08061,CO,KIOWA,55100
08063,CO,KIT CARSON,138500
08067,CO,LA PLATA,1212200
08065,CO,LAKE,173900
08069,CO,LARIMER,8580750
08071,CO,LAS ANIMAS,693100
08073,CO,LINCOLN,216500
08075,CO,LOGAN,633910
08077,CO,MESA,5282210
08081,CO,MOFFAT,450630
08083,CO,MONTEZUMA,995400
08085,CO,MONTROSE,1254130
08087,CO,MORGAN,744500
08089,CO,OTERO,1054200
08091,CO,OURAY,93500
08093,CO,PARK,112900
08095,CO,PHILLIPS,45500
08097,CO,PITKIN,219900
08099,CO,PROWERS,472200
08101,CO,PUEBLO,9383040
08103,CO,RIO BLANCO,123500
08105,CO,RIO GRANDE,267930
08107,CO,ROUTT,634300
08109,CO,SAGUACHE,100
08113,CO,SAN MIGUEL,75600
08115,CO,SEDGWICK,75400
08117,CO,SUMMIT,652000
08119,CO,TELLER,862700
08121,CO,WASHINGTON,40500
08123,CO,WELD,6443459
08125,CO,YUMA,205000
09001,CT,FAIRFIELD,18214500
09003,CT,HARTFORD,22499250
09005,CT,LITCHFIELD,5817860
09007,CT,MIDDLESEX,4488520
09009,CT,NEW HAVEN,28288050
09011,CT,NEW LONDON,8028030
09013,CT,TOLLAND,2926130
09015,CT,WINDHAM,3668470
00000,CT,null,15000
11001,DC,DISTRICT OF COLUMBIA,7618060
10001,DE,KENT,6035700
10003,DE,NEW CASTLE,21148610
10005,DE,SUSSEX,11341340
12001,FL,ALACHUA,8999369
12003,FL,BAKER,1886000
12005,FL,BAY,9160180
12007,FL,BRADFORD,1607000
12009,FL,BREVARD,25544780
12011,FL,BROWARD,89220469
12013,FL,CALHOUN,345950
12015,FL,CHARLOTTE,7833200
12017,FL,CITRUS,7004250
12019,FL,CLAY,9572580
12021,FL,COLLIER,9510819
12023,FL,COLUMBIA,3857300
12027,FL,DE SOTO,823840
12029,FL,DIXIE,311330
12031,FL,DUVAL,38541070
12033,FL,ESCAMBIA,15039270
12035,FL,FLAGLER,3235740
12037,FL,FRANKLIN,354690
12039,FL,GADSDEN,884660
12041,FL,GILCHRIST,487900
12045,FL,GULF,563030
12047,FL,HAMILTON,305620
12049,FL,HARDEE,521470
12051,FL,HENDRY,1425970
12053,FL,HERNANDO,11988860
12055,FL,HIGHLANDS,2771260
12057,FL,HILLSBOROUGH,74577125
12059,FL,HOLMES,737070
12061,FL,INDIAN RIVER,5322470
12063,FL,JACKSON,1640410
12065,FL,JEFFERSON,319800
12067,FL,LAFAYETTE,217150
12069,FL,LAKE,10070070
12071,FL,LEE,23342840
12073,FL,LEON,6906760
12075,FL,LEVY,2473446
12077,FL,LIBERTY,115000
12079,FL,MADISON,405600
12081,FL,MANATEE,16044770
12083,FL,MARION,15082630
12085,FL,MARTIN,5296650
12086,FL,MIAMI-DADE,28958720
12087,FL,MONROE,4384600
12089,FL,NASSAU,3948500
12091,FL,OKALOOSA,6765630
12093,FL,OKEECHOBEE,1975760
12095,FL,ORANGE,32025270
12097,FL,OSCEOLA,6479600
12099,FL,PALM BEACH,57723380
12101,FL,PASCO,26354190
12103,FL,PINELLAS,55085770
12105,FL,POLK,18082785
12107,FL,PUTNAM,4702360
12109,FL,SAINT JOHNS,5730030
12111,FL,SAINT LUCIE,8342900
12113,FL,SANTA ROSA,7348000
12115,FL,SARASOTA,18941989
12117,FL,SEMINOLE,17325170
12119,FL,SUMTER,2558300
12121,FL,SUWANNEE,1488950
12123,FL,TAYLOR,1082640
12125,FL,UNION,416010
12127,FL,VOLUSIA,24643769
12129,FL,WAKULLA,952250
12131,FL,WALTON,3241580
12133,FL,WASHINGTON,1485440
13001,GA,APPLING,635860
13003,GA,ATKINSON,371620
13005,GA,BACON,926030
13009,GA,BALDWIN,1466290
13011,GA,BANKS,439600
13013,GA,BARROW,2875730
13015,GA,BARTOW,4161290
13017,GA,BEN HILL,854340
13019,GA,BERRIEN,619380
13021,GA,BIBB,9892570
13023,GA,BLECKLEY,560700
13025,GA,BRANTLEY,526400
13027,GA,BROOKS,613600
13029,GA,BRYAN,1119130
13031,GA,BULLOCH,1640640
13033,GA,BURKE,433040
13035,GA,BUTTS,967520
13037,GA,CALHOUN,70400
13039,GA,CAMDEN,2040830
13043,GA,CANDLER,374200
13045,GA,CARROLL,6575880
13047,GA,CATOOSA,3430280
13049,GA,CHARLTON,318700
13051,GA,CHATHAM,7716550
13055,GA,CHATTOOGA,1535630
13057,GA,CHEROKEE,5521648
13059,GA,CLARKE,5395040
13061,GA,CLAY,106430
13063,GA,CLAYTON,5016240
13065,GA,CLINCH,432960
13067,GA,COBB,17059480
13069,GA,COFFEE,2964420
13071,GA,COLQUITT,1153510
13073,GA,COLUMBIA,3130340
13075,GA,COOK,576700
13077,GA,COWETA,3188790
13079,GA,CRAWFORD,122300
13081,GA,CRISP,938170
13083,GA,DADE,793400
13085,GA,DAWSON,1107030
13087,GA,DECATUR,1023490
13089,GA,DEKALB,10144445
13091,GA,DODGE,1128860
13093,GA,DOOLY,107960
13095,GA,DOUGHERTY,2418900
13097,GA,DOUGLAS,4777120
13099,GA,EARLY,239930
13103,GA,EFFINGHAM,1287300
13105,GA,ELBERT,1329470
13107,GA,EMANUEL,1097050
13109,GA,EVANS,826580
13111,GA,FANNIN,1436810
13113,GA,FAYETTE,2812260
13115,GA,FLOYD,6767940
13117,GA,FORSYTH,3499420
13119,GA,FRANKLIN,2135660
13121,GA,FULTON,17151020
13123,GA,GILMER,1524940
13125,GA,GLASCOCK,400
13127,GA,GLYNN,3297050
13129,GA,GORDON,2043620
13131,GA,GRADY,513510
13133,GA,GREENE,725460
13135,GA,GWINNETT,15133232
13137,GA,HABERSHAM,1749000
13139,GA,HALL,6032029
13141,GA,HANCOCK,119500
13143,GA,HARALSON,2826230
13145,GA,HARRIS,132300
13147,GA,HART,1370310
13149,GA,HEARD,229170
13151,GA,HENRY,5228620
13153,GA,HOUSTON,5132824
13155,GA,IRWIN,198000
13157,GA,JACKSON,2366930
13159,GA,JASPER,308980
13161,GA,JEFF DAVIS,613700
13163,GA,JEFFERSON,519180
13165,GA,JENKINS,259930
13167,GA,JOHNSON,190970
13169,GA,JONES,483480
13171,GA,LAMAR,463350
13173,GA,LANIER,247940
13175,GA,LAURENS,2699810
13177,GA,LEE,195600
13179,GA,LIBERTY,852910
13181,GA,LINCOLN,258000
13183,GA,LONG,98860
13185,GA,LOWNDES,3958630
13187,GA,LUMPKIN,585950
13193,GA,MACON,518730
13195,GA,MADISON,1241930
13197,GA,MARION,90200
13189,GA,MCDUFFIE,1113850
13191,GA,MCINTOSH,527400
13199,GA,MERIWETHER,715910
13201,GA,MILLER,182400
13205,GA,MITCHELL,596890
13207,GA,MONROE,689420
13209,GA,MONTGOMERY,77500
13211,GA,MORGAN,473060
13213,GA,MURRAY,1529000
13215,GA,MUSCOGEE,7025960
13217,GA,NEWTON,2767060
13219,GA,OCONEE,525380
13221,GA,OGLETHORPE,273660
13223,GA,PAULDING,3659470
13225,GA,PEACH,714120
13227,GA,PICKENS,1473130
13229,GA,PIERCE,778900
13231,GA,PIKE,178330
13233,GA,POLK,3424370
13235,GA,PULASKI,794660
13237,GA,PUTNAM,432630
13241,GA,RABUN,969510
13243,GA,RANDOLPH,123830
13245,GA,RICHMOND,6669800
13247,GA,ROCKDALE,3238260
13249,GA,SCHLEY,58500
13251,GA,SCREVEN,217580
13253,GA,SEMINOLE,458450
13255,GA,SPALDING,2874010
13257,GA,STEPHENS,2881740
13259,GA,STEWART,111430
13261,GA,SUMTER,757680
13267,GA,TATTNALL,1274200
13269,GA,TAYLOR,306900
13271,GA,TELFAIR,802500
13273,GA,TERRELL,112600
13275,GA,THOMAS,1464326
13277,GA,TIFT,1557940
13279,GA,TOOMBS,1524000
13281,GA,TOWNS,431330
13283,GA,TREUTLEN,285790
13285,GA,TROUP,2078560
13287,GA,TURNER,236600
13289,GA,TWIGGS,61630
13291,GA,UNION,849600
13293,GA,UPSON,1246210
13295,GA,WALKER,2421600
13297,GA,WALTON,3551510
13299,GA,WARE,2831690
13301,GA,WARREN,73600
13303,GA,WASHINGTON,568930
13305,GA,WAYNE,1581280
13309,GA,WHEELER,195000
13311,GA,WHITE,786540
13313,GA,WHITFIELD,3812680
13315,GA,WILCOX,234850
13317,GA,WILKES,415300
13319,GA,WILKINSON,332730
13321,GA,WORTH,454710
66010,GU,GUAM,283900
15001,HI,HAWAII,7181260
15003,HI,HONOLULU,13484940
15007,HI,KAUAI,2670420
15009,HI,MAUI,5874400
19001,IA,ADAIR,183800
19003,IA,ADAMS,93900
19005,IA,ALLAMAKEE,221700
19007,IA,APPANOOSE,465320
19009,IA,AUDUBON,89230
19011,IA,BENTON,354880
19013,IA,BLACK HAWK,3066300
19015,IA,BOONE,794770
19017,IA,BREMER,675840
19019,IA,BUCHANAN,226700
19021,IA,BUENA VISTA,238600
19023,IA,BUTLER,154350
19025,IA,CALHOUN,150400
19027,IA,CARROLL,601320
19029,IA,CASS,345290
19031,IA,CEDAR,162720
19033,IA,CERRO GORDO,1597560
19035,IA,CHEROKEE,155600
19037,IA,CHICKASAW,110700
19039,IA,CLARKE,331500
19041,IA,CLAY,334320
19043,IA,CLAYTON,257800
19045,IA,CLINTON,1227900
19047,IA,CRAWFORD,284990
19049,IA,DALLAS,747900
19051,IA,DAVIS,93790
19053,IA,DECATUR,189100
19055,IA,DELAWARE,193000
19057,IA,DES MOINES,1477950
19059,IA,DICKINSON,324420
19061,IA,DUBUQUE,1955150
19063,IA,EMMET,135880
19065,IA,FAYETTE,516400
19067,IA,FLOYD,248000
19069,IA,FRANKLIN,193700
19071,IA,FREMONT,119300
19073,IA,GREENE,256900
19075,IA,GRUNDY,370960
19077,IA,GUTHRIE,227600
19079,IA,HAMILTON,376200
19081,IA,HANCOCK,130800
19083,IA,HARDIN,484360
19085,IA,HARRISON,462400
19087,IA,HENRY,400240
19089,IA,HOWARD,268600
19091,IA,HUMBOLDT,201300
19093,IA,IDA,187880
19095,IA,IOWA,238230
19097,IA,JACKSON,330730
19099,IA,JASPER,1121630
19101,IA,JEFFERSON,550900
19103,IA,JOHNSON,1673240
19105,IA,JONES,323800
19107,IA,KEOKUK,63000
19109,IA,KOSSUTH,289700
19111,IA,LEE,1490430
19113,IA,LINN,4672680
19115,IA,LOUISA,77000
19117,IA,LUCAS,273300
19119,IA,LYON,183490
19121,IA,MADISON,386300
19123,IA,MAHASKA,690100
19125,IA,MARION,903930
19127,IA,MARSHALL,1030220
19129,IA,MILLS,245500
19131,IA,MITCHELL,91600
19133,IA,MONONA,262500
19135,IA,MONROE,217600
19137,IA,MONTGOMERY,313400
19139,IA,MUSCATINE,968300
19141,IA,OBRIEN,147000
19143,IA,OSCEOLA,83000
19145,IA,PAGE,516620
19147,IA,PALO ALTO,123320
19149,IA,PLYMOUTH,270700
19151,IA,POCAHONTAS,99500
19153,IA,POLK,17470710
19155,IA,POTTAWATTAMIE,2633980
19157,IA,POWESHIEK,546700
19159,IA,RINGGOLD,111100
19161,IA,SAC,88800
19163,IA,SCOTT,4859560
19165,IA,SHELBY,210300
19167,IA,SIOUX,300800
19169,IA,STORY,1298820
19171,IA,TAMA,197260
19173,IA,TAYLOR,113900
19175,IA,UNION,495200
19177,IA,VAN BUREN,121000
19179,IA,WAPELLO,1251410
19181,IA,WARREN,1113810
19183,IA,WASHINGTON,345800
19185,IA,WAYNE,187430
19187,IA,WEBSTER,1280560
19189,IA,WINNEBAGO,273600
19191,IA,WINNESHIEK,228700
19193,IA,WOODBURY,1820860
19195,IA,WORTH,51700
19197,IA,WRIGHT,395700
16001,ID,ADA,11758980
16003,ID,ADAMS,1200
16005,ID,BANNOCK,2639970
16007,ID,BEAR LAKE,249000
16009,ID,BENEWAH,564300
16011,ID,BINGHAM,852880
16013,ID,BLAINE,313700
16017,ID,BONNER,1688500
16019,ID,BONNEVILLE,3414420
16021,ID,BOUNDARY,507200
16023,ID,BUTTE,118530
16027,ID,CANYON,4662090
16029,ID,CARIBOU,210500
16031,ID,CASSIA,1113820
16035,ID,CLEARWATER,446200
16037,ID,CUSTER,55900
16039,ID,ELMORE,508000
16041,ID,FRANKLIN,290120
16043,ID,FREMONT,146390
16045,ID,GEM,269700
16047,ID,GOODING,361940
16049,ID,IDAHO,420960
16051,ID,JEFFERSON,249500
16053,ID,JEROME,593090
16055,ID,KOOTENAI,5216700
16057,ID,LATAH,1059320
16059,ID,LEMHI,374600
16061,ID,LEWIS,284300
16065,ID,MADISON,595800
16067,ID,MINIDOKA,279900
16069,ID,NEZ PERCE,2474760
16071,ID,ONEIDA,151150
16073,ID,OWYHEE,127700
16075,ID,PAYETTE,249200
16077,ID,POWER,162700
16079,ID,SHOSHONE,981500
16081,ID,TETON,211000
16083,ID,TWIN FALLS,3340840
16085,ID,VALLEY,401000
16087,ID,WASHINGTON,337800
17001,IL,ADAMS,2532330
17003,IL,ALEXANDER,180390
17005,IL,BOND,319000
17007,IL,BOONE,1129170
17009,IL,BROWN,84100
17011,IL,BUREAU,465180
17013,IL,CALHOUN,157600
17015,IL,CARROLL,203770
17017,IL,CASS,173900
17019,IL,CHAMPAIGN,4069450
17021,IL,CHRISTIAN,1158790
17023,IL,CLARK,560800
17025,IL,CLAY,353620
17027,IL,CLINTON,410650
17029,IL,COLES,1504100
17031,IL,COOK,68777940
17033,IL,CRAWFORD,850100
17035,IL,CUMBERLAND,150400
17037,IL,DEKALB,1536830
17039,IL,DEWITT,316900
17041,IL,DOUGLAS,343320
17043,IL,DUPAGE,14585920
17045,IL,EDGAR,508700
17047,IL,EDWARDS,215200
17049,IL,EFFINGHAM,1108020
17051,IL,FAYETTE,455190
17053,IL,FORD,353860
17055,IL,FRANKLIN,2536290
17057,IL,FULTON,909590
17059,IL,GALLATIN,90020
17061,IL,GREENE,508900
17063,IL,GRUNDY,1051580
17065,IL,HAMILTON,166500
17067,IL,HANCOCK,249720
17069,IL,HARDIN,373380
17071,IL,HENDERSON,41000
17073,IL,HENRY,738230
17075,IL,IROQUOIS,807200
17077,IL,JACKSON,2298510
17079,IL,JASPER,294460
17081,IL,JEFFERSON,1421440
17083,IL,JERSEY,1051000
17085,IL,JO DAVIESS,366500
17087,IL,JOHNSON,202020
17089,IL,KANE,5301710
17091,IL,KANKAKEE,2864730
17093,IL,KENDALL,1594620
17095,IL,KNOX,1863290
17099,IL,LA SALLE,3395600
17097,IL,LAKE,11157535
17101,IL,LAWRENCE,562800
17103,IL,LEE,623830
17105,IL,LIVINGSTON,991890
17107,IL,LOGAN,795980
17115,IL,MACON,3602400
17117,IL,MACOUPIN,1115040
17119,IL,MADISON,10078550
17121,IL,MARION,1357530
17123,IL,MARSHALL,249970
17125,IL,MASON,371360
17127,IL,MASSAC,769300
17109,IL,MCDONOUGH,613560
17111,IL,MCHENRY,5254130
17113,IL,MCLEAN,2183520
17129,IL,MENARD,120140
17131,IL,MERCER,178140
17133,IL,MONROE,901460
17135,IL,MONTGOMERY,934260
17137,IL,MORGAN,1045300
17139,IL,MOULTRIE,209800
17141,IL,OGLE,930240
17143,IL,PEORIA,4925129
17145,IL,PERRY,785700
17147,IL,PIATT,394110
17149,IL,PIKE,407120
17151,IL,POPE,103900
17153,IL,PULASKI,161100
17155,IL,PUTNAM,71660
17157,IL,RANDOLPH,1167470
17159,IL,RICHLAND,730720
17161,IL,ROCK ISLAND,2669100
17163,IL,SAINT CLAIR,6665770
17165,IL,SALINE,2061230
17167,IL,SANGAMON,6040370
17169,IL,SCHUYLER,148940
17171,IL,SCOTT,400
17173,IL,SHELBY,242630
17175,IL,STARK,19400
17177,IL,STEPHENSON,1066530
17179,IL,TAZEWELL,3762990
17181,IL,UNION,833190
17183,IL,VERMILION,3610720
17185,IL,WABASH,424300
17187,IL,WARREN,296580
17189,IL,WASHINGTON,202020
17191,IL,WAYNE,472700
17193,IL,WHITE,611900
17195,IL,WHITESIDE,1106810
17197,IL,WILL,11412450
17199,IL,WILLIAMSON,4642010
17201,IL,WINNEBAGO,10405130
17203,IL,WOODFORD,686540
18001,IN,ADAMS,601900
18003,IN,ALLEN,8832010
18005,IN,BARTHOLOMEW,4901030
18007,IN,BENTON,93560
18009,IN,BLACKFORD,974900
18011,IN,BOONE,2006430
18013,IN,BROWN,400400
18015,IN,CARROLL,369340
18017,IN,CASS,1096130
18019,IN,CLARK,7469820
18021,IN,CLAY,1184300
18023,IN,CLINTON,1398840
18025,IN,CRAWFORD,336700
18027,IN,DAVIESS,1995890
18033,IN,DE KALB,956130
18029,IN,DEARBORN,3016530
18031,IN,DECATUR,1031670
18035,IN,DELAWARE,7278010
18037,IN,DUBOIS,2037050
18039,IN,ELKHART,5453280
18041,IN,FAYETTE,2309100
18043,IN,FLOYD,6648310
18045,IN,FOUNTAIN,1089730
18047,IN,FRANKLIN,568520
18049,IN,FULTON,940020
18051,IN,GIBSON,1517250
18053,IN,GRANT,3916860
18055,IN,GREENE,1356400
18057,IN,HAMILTON,6889600
18059,IN,HANCOCK,2596160
18061,IN,HARRISON,1715020
18063,IN,HENDRICKS,5548260
18065,IN,HENRY,3237100
18067,IN,HOWARD,5542830
18069,IN,HUNTINGTON,1233400
18071,IN,JACKSON,2328200
18073,IN,JASPER,1550500
18075,IN,JAY,1102650
18077,IN,JEFFERSON,1675920
18079,IN,JENNINGS,1601450
18081,IN,JOHNSON,7192290
18083,IN,KNOX,2750110
18085,IN,KOSCIUSKO,2223190
18091,IN,LA PORTE,4066110
18087,IN,LAGRANGE,359550
18089,IN,LAKE,16688820
18093,IN,LAWRENCE,3556770
18095,IN,MADISON,9864260
18097,IN,MARION,43051927
18099,IN,MARSHALL,1732960
18101,IN,MARTIN,501800
18103,IN,MIAMI,862500
18105,IN,MONROE,5586570
18107,IN,MONTGOMERY,1974670
18109,IN,MORGAN,4243010
18111,IN,NEWTON,185900
18113,IN,NOBLE,1115600
18115,IN,OHIO,232000
18117,IN,ORANGE,1166700
18119,IN,OWEN,703790
18121,IN,PARKE,382560
18123,IN,PERRY,767900
18125,IN,PIKE,542400
18127,IN,PORTER,5983910
18129,IN,POSEY,939180
18131,IN,PULASKI,551500
18133,IN,PUTNAM,1357010
18135,IN,RANDOLPH,964820
18137,IN,RIPLEY,1486650
18139,IN,RUSH,814190
18143,IN,SCOTT,2682610
18145,IN,SHELBY,1633700
18147,IN,SPENCER,698840
18141,IN,ST JOSEPH,8443900
18149,IN,STARKE,1565000
18151,IN,STEUBEN,770100
18153,IN,SULLIVAN,1128700
18155,IN,SWITZERLAND,255200
18157,IN,TIPPECANOE,5415475
18159,IN,TIPTON,450000
18161,IN,UNION,212600
18163,IN,VANDERBURGH,11694950
18165,IN,VERMILLION,740430
18167,IN,VIGO,5936220
18169,IN,WABASH,1651340
18173,IN,WARRICK,1827560
18175,IN,WASHINGTON,1415300
18177,IN,WAYNE,3592050
18179,IN,WELLS,622800
18181,IN,WHITE,740800
18183,IN,WHITLEY,1036160
20001,KS,ALLEN,660100
20003,KS,ANDERSON,202570
20005,KS,ATCHISON,815760
20007,KS,BARBER,151300
20009,KS,BARTON,1129600
20011,KS,BOURBON,639620
20013,KS,BROWN,540310
20015,KS,BUTLER,2900200
20019,KS,CHAUTAUQUA,164090
20021,KS,CHEROKEE,645880
20023,KS,CHEYENNE,105500
20025,KS,CLARK,113360
20027,KS,CLAY,370440
20029,KS,CLOUD,396400
20031,KS,COFFEY,430760
20033,KS,COMANCHE,114900
20035,KS,COWLEY,1586830
20037,KS,CRAWFORD,1624100
20039,KS,DECATUR,88900
20041,KS,DICKINSON,460420
20045,KS,DOUGLAS,2764920
20047,KS,EDWARDS,39400
20049,KS,ELK,93300
20051,KS,ELLIS,1007580
20053,KS,ELLSWORTH,155950
20055,KS,FINNEY,814320
20057,KS,FORD,946080
20059,KS,FRANKLIN,1065080
20061,KS,GEARY,838500
20063,KS,GOVE,72300
20065,KS,GRAHAM,106100
20067,KS,GRANT,164260
20069,KS,GRAY,97710
20071,KS,GREELEY,72100
20073,KS,GREENWOOD,245200
20075,KS,HAMILTON,43100
20077,KS,HARPER,162100
20079,KS,HARVEY,1362700
20081,KS,HASKELL,59300
20083,KS,HODGEMAN,45000
20085,KS,JACKSON,254970
20087,KS,JEFFERSON,190200
20089,KS,JEWELL,66900
20091,KS,JOHNSON,23261288
20093,KS,KEARNY,41100
20095,KS,KINGMAN,248900
20099,KS,LABETTE,1148590
20101,KS,LANE,53100
20103,KS,LEAVENWORTH,28536480
20105,KS,LINCOLN,82920
20107,KS,LINN,191640
20109,KS,LOGAN,52200
20111,KS,LYON,915220
20115,KS,MARION,279370
20117,KS,MARSHALL,336600
20113,KS,MCPHERSON,886830
20119,KS,MEADE,74300
20121,KS,MIAMI,1076490
20123,KS,MITCHELL,166400
20125,KS,MONTGOMERY,2118960
20127,KS,MORRIS,98200
20129,KS,MORTON,210800
20131,KS,NEMAHA,313500
20133,KS,NEOSHO,772680
20135,KS,NESS,81000
20137,KS,NORTON,184700
20139,KS,OSAGE,239210
20141,KS,OSBORNE,98700
20143,KS,OTTAWA,132220
20145,KS,PAWNEE,194230
20147,KS,PHILLIPS,137500
20149,KS,POTTAWATOMIE,349860
20151,KS,PRATT,829100
20153,KS,RAWLINS,41100
20155,KS,RENO,2323580
20157,KS,REPUBLIC,269700
20159,KS,RICE,255680
20161,KS,RILEY,1760090
20163,KS,ROOKS,156240
20165,KS,RUSH,13300
20167,KS,RUSSELL,166630
20169,KS,SALINE,2308860
20171,KS,SCOTT,173400
20173,KS,SEDGWICK,22271890
20175,KS,SEWARD,833140
20177,KS,SHAWNEE,5463350
20179,KS,SHERIDAN,67500
20181,KS,SHERMAN,430900
20183,KS,SMITH,134600
20187,KS,STANTON,73000
20189,KS,STEVENS,99400
20191,KS,SUMNER,849600
20193,KS,THOMAS,374090
20195,KS,TREGO,103280
20201,KS,WASHINGTON,72900
20203,KS,WICHITA,34500
20205,KS,WILSON,306890
20207,KS,WOODSON,79660
20209,KS,WYANDOTTE,4926420
21001,KY,ADAIR,822920
21003,KY,ALLEN,1380730
21005,KY,ANDERSON,1154790
21007,KY,BALLARD,270640
21009,KY,BARREN,2716520
21011,KY,BATH,346500
21013,KY,BELL,4500450
21015,KY,BOONE,7081110
21017,KY,BOURBON,945000
21019,KY,BOYD,5745690
21021,KY,BOYLE,2024020
21023,KY,BRACKEN,149830
21025,KY,BREATHITT,1365100
21027,KY,BRECKINRIDGE,844480
21029,KY,BULLITT,2808200
21031,KY,BUTLER,960800
21033,KY,CALDWELL,1054220
21035,KY,CALLOWAY,1892440
21037,KY,CAMPBELL,4650980
21039,KY,CARLISLE,181300
21041,KY,CARROLL,764600
21043,KY,CARTER,1073240
21045,KY,CASEY,418070
21047,KY,CHRISTIAN,2992010
21049,KY,CLARK,2582390
21051,KY,CLAY,2816670
21053,KY,CLINTON,1500450
21055,KY,CRITTENDEN,1149400
21057,KY,CUMBERLAND,521650
21059,KY,DAVIESS,4875140
21061,KY,EDMONSON,314590
21063,KY,ELLIOTT,216540
21065,KY,ESTILL,684520
21067,KY,FAYETTE,11490230
21069,KY,FLEMING,625800
21071,KY,FLOYD,5371710
21073,KY,FRANKLIN,2141960
21075,KY,FULTON,701300
21077,KY,GALLATIN,267500
21079,KY,GARRARD,632000
21081,KY,GRANT,2064900
21083,KY,GRAVES,1816420
21085,KY,GRAYSON,1631480
21087,KY,GREEN,399830
21089,KY,GREENUP,2342810
21091,KY,HANCOCK,145500
21093,KY,HARDIN,3351290
21095,KY,HARLAN,2196700
21097,KY,HARRISON,733360
21099,KY,HART,438400
21101,KY,HENDERSON,3545390
21103,KY,HENRY,683250
21105,KY,HICKMAN,132100
21107,KY,HOPKINS,3916420
21109,KY,JACKSON,526700
21111,KY,JEFFERSON,41061683
21113,KY,JESSAMINE,2250630
21115,KY,JOHNSON,3452250
21117,KY,KENTON,7843870
21119,KY,KNOTT,551920
21121,KY,KNOX,1927490
21123,KY,LARUE,458150
21125,KY,LAUREL,3426250
21127,KY,LAWRENCE,1601380
21129,KY,LEE,964000
21131,KY,LESLIE,1139500
21133,KY,LETCHER,1727500
21135,KY,LEWIS,532700
21137,KY,LINCOLN,995420
21139,KY,LIVINGSTON,777300
21141,KY,LOGAN,1011560
21143,KY,LYON,508280
21151,KY,MADISON,3654390
21153,KY,MAGOFFIN,544300
21155,KY,MARION,975790
21157,KY,MARSHALL,1848960
21159,KY,MARTIN,606220
21161,KY,MASON,886760
21145,KY,MCCRACKEN,6554700
21147,KY,MCCREARY,896060
21149,KY,MCLEAN,202500
21163,KY,MEADE,749000
21165,KY,MENIFEE,192200
21167,KY,MERCER,946600
21169,KY,METCALFE,276330
21171,KY,MONROE,764830
21173,KY,MONTGOMERY,1885110
21175,KY,MORGAN,554200
21177,KY,MUHLENBERG,2553250
21179,KY,NELSON,2157500
21181,KY,NICHOLAS,248700
21183,KY,OHIO,1352240
21185,KY,OLDHAM,1600210
21187,KY,OWEN,331400
21189,KY,OWSLEY,476080
21191,KY,PENDLETON,338200
21193,KY,PERRY,4498990
21195,KY,PIKE,8200080
21197,KY,POWELL,820100
21199,KY,PULASKI,3751600
21203,KY,ROCKCASTLE,1746930
21205,KY,ROWAN,1001120
21207,KY,RUSSELL,1161890
21209,KY,SCOTT,1849590
21211,KY,SHELBY,1745880
21213,KY,SIMPSON,1237200
21215,KY,SPENCER,560480
21217,KY,TAYLOR,1216260
21219,KY,TODD,399500
21221,KY,TRIGG,620050
21223,KY,TRIMBLE,212100
21225,KY,UNION,1057190
21227,KY,WARREN,4725560
21229,KY,WASHINGTON,267600
21231,KY,WAYNE,1219260
21233,KY,WEBSTER,721060
21235,KY,WHITLEY,6207050
21237,KY,WOLFE,583240
21239,KY,WOODFORD,809630
22001,LA,ACADIA,2246900
22003,LA,ALLEN,1172140
22005,LA,ASCENSION,5360330
22007,LA,ASSUMPTION,297060
22009,LA,AVOYELLES,1878700
22011,LA,BEAUREGARD,945460
22013,LA,BIENVILLE,282600
22015,LA,BOSSIER,3416160
22017,LA,CADDO,10501670
22019,LA,CALCASIEU,7659930
22021,LA,CALDWELL,520740
22025,LA,CATAHOULA,454540
22027,LA,CLAIBORNE,694330
22029,LA,CONCORDIA,740130
22031,LA,DE SOTO,659640
22033,LA,EAST BATON ROUGE,21388630
22035,LA,EAST CARROLL,128760
22037,LA,EAST FELICIANA,429100
22039,LA,EVANGELINE,2355000
22041,LA,FRANKLIN,571230
22043,LA,GRANT,203220
22045,LA,IBERIA,2972610
22047,LA,IBERVILLE,1538400
22049,LA,JACKSON,483860
22051,LA,JEFFERSON,26155880
22053,LA,JEFFERSON DAVIS,1796920
22059,LA,LA SALLE,657690
22055,LA,LAFAYETTE,11051122
22057,LA,LAFOURCHE,4227560
22061,LA,LINCOLN,1110670
22063,LA,LIVINGSTON,7535880
22065,LA,MADISON,264130
22067,LA,MOREHOUSE,784650
22069,LA,NATCHITOCHES,833010
22071,LA,ORLEANS,6211979
22073,LA,OUACHITA,4901280
22075,LA,PLAQUEMINES,188640
22077,LA,POINTE COUPEE,717980
22079,LA,RAPIDES,6654500
22081,LA,RED RIVER,341630
22083,LA,RICHLAND,705400
22085,LA,SABINE,706380
22087,LA,SAINT BERNARD,1791490
22089,LA,SAINT CHARLES,2019890
22091,LA,SAINT HELENA,167900
22093,LA,SAINT JAMES,407460
22097,LA,SAINT LANDRY,4570190
22099,LA,SAINT MARTIN,1721060
22101,LA,SAINT MARY,2393520
22103,LA,SAINT TAMMANY,13739334
22095,LA,ST JOHN THE BAPTIST,1292520
22105,LA,TANGIPAHOA,6194590
22107,LA,TENSAS,73000
22109,LA,TERREBONNE,4184480
22111,LA,UNION,458260
22113,LA,VERMILION,1686920
22115,LA,VERNON,1472320
22117,LA,WASHINGTON,2247240
22119,LA,WEBSTER,1742030
22121,LA,WEST BATON ROUGE,1204600
22123,LA,WEST CARROLL,247910
22125,LA,WEST FELICIANA,190000
22127,LA,WINN,597130
25001,MA,BARNSTABLE,7291600
25003,MA,BERKSHIRE,4887950
25005,MA,BRISTOL,18788630
25007,MA,DUKES,638750
25009,MA,ESSEX,21984960
25011,MA,FRANKLIN,1914300
25013,MA,HAMPDEN,16879340
25015,MA,HAMPSHIRE,4852440
25017,MA,MIDDLESEX,29124166
25019,MA,NANTUCKET,234300
25021,MA,NORFOLK,15455390
25023,MA,PLYMOUTH,15461360
25025,MA,SUFFOLK,14376600
25027,MA,WORCESTER,26899320
24001,MD,ALLEGANY,3954160
24003,MD,ANNE ARUNDEL,16591324
24005,MD,BALTIMORE,27520680
24510,MD,BALTIMORE CITY,17310590
24009,MD,CALVERT,3569519
24011,MD,CAROLINE,807380
24013,MD,CARROLL,4901670
24015,MD,CECIL,4927300
24017,MD,CHARLES,4639592
24019,MD,DORCHESTER,853400
24021,MD,FREDERICK,6230110
24023,MD,GARRETT,870100
24025,MD,HARFORD,9235400
24027,MD,HOWARD,5985150
24029,MD,KENT,1159800
24031,MD,MONTGOMERY,13881708
24033,MD,PRINCE GEORGES,13228140
24035,MD,QUEEN ANNES,1372250
24037,MD,SAINT MARYS,3630280
24039,MD,SOMERSET,499260
24041,MD,TALBOT,1143200
24043,MD,WASHINGTON,4965430
24045,MD,WICOMICO,3774530
24047,MD,WORCESTER,2323230
23001,ME,ANDROSCOGGIN,4521200
23003,ME,AROOSTOOK,3247180
23005,ME,CUMBERLAND,11062240
23007,ME,FRANKLIN,1299000
23009,ME,HANCOCK,2234150
23011,ME,KENNEBEC,5525940
23013,ME,KNOX,1582840
23015,ME,LINCOLN,1324000
23017,ME,OXFORD,1983710
23019,ME,PENOBSCOT,8085680
23021,ME,PISCATAQUIS,868900
23023,ME,SAGADAHOC,1195720
23025,ME,SOMERSET,2680250
23027,ME,WALDO,1339100
23029,ME,WASHINGTON,1493830
23031,ME,YORK,6507110
26001,MI,ALCONA,262440
26003,MI,ALGER,317900
26005,MI,ALLEGAN,2488600
26007,MI,ALPENA,1308540
26009,MI,ANTRIM,636490
26011,MI,ARENAC,665300
26013,MI,BARAGA,358800
26015,MI,BARRY,1361990
26017,MI,BAY,4792270
26019,MI,BENZIE,627300
26021,MI,BERRIEN,5597560
26023,MI,BRANCH,1180690
26025,MI,CALHOUN,6902290
26027,MI,CASS,708120
26029,MI,CHARLEVOIX,892450
26031,MI,CHEBOYGAN,1353620
26033,MI,CHIPPEWA,1404800
26035,MI,CLARE,1996300
26037,MI,CLINTON,2182170
26039,MI,CRAWFORD,967400
26041,MI,DELTA,1492220
26043,MI,DICKINSON,1470690
26045,MI,EATON,4004670
26047,MI,EMMET,1393180
26049,MI,GENESEE,19656910
26051,MI,GLADWIN,1591000
26053,MI,GOGEBIC,519600
26055,MI,GRAND TRAVERSE,3712720
26057,MI,GRATIOT,1124650
26059,MI,HILLSDALE,1221990
26061,MI,HOUGHTON,1186100
26063,MI,HURON,1171060
26065,MI,INGHAM,9067850
26067,MI,IONIA,1466870
26069,MI,IOSCO,1513470
26071,MI,IRON,492800
26073,MI,ISABELLA,1840300
26075,MI,JACKSON,5850620
26077,MI,KALAMAZOO,8303980
26079,MI,KALKASKA,737800
26081,MI,KENT,16448300
26085,MI,LAKE,207700
26087,MI,LAPEER,2573620
26089,MI,LEELANAU,216960
26091,MI,LENAWEE,3542910
26093,MI,LIVINGSTON,4642670
26095,MI,LUCE,389600
26097,MI,MACKINAC,307900
26099,MI,MACOMB,35961720
26101,MI,MANISTEE,1204420
26103,MI,MARQUETTE,2191710
26105,MI,MASON,1374260
26107,MI,MECOSTA,1452900
26109,MI,MENOMINEE,496800
26111,MI,MIDLAND,4333510
26113,MI,MISSAUKEE,311600
26115,MI,MONROE,6995760
26117,MI,MONTCALM,2459700
26119,MI,MONTMORENCY,561700
26121,MI,MUSKEGON,8735090
26123,MI,NEWAYGO,2172880
26125,MI,OAKLAND,38962710
26127,MI,OCEANA,1001820
26129,MI,OGEMAW,2429290
26131,MI,ONTONAGON,143300
26133,MI,OSCEOLA,811400
26135,MI,OSCODA,434000
26137,MI,OTSEGO,1299060
26139,MI,OTTAWA,5156880
26141,MI,PRESQUE ISLE,393800
26143,MI,ROSCOMMON,1790430
26145,MI,SAGINAW,8459730
26147,MI,SAINT CLAIR,6889740
26149,MI,SAINT JOSEPH,2241340
26151,MI,SANILAC,1055590
26153,MI,SCHOOLCRAFT,448000
26155,MI,SHIAWASSEE,3541950
26157,MI,TUSCOLA,1449000
26159,MI,VAN BUREN,3320800
26161,MI,WASHTENAW,8439760
26163,MI,WAYNE,79331660
26165,MI,WEXFORD,2010710
27001,MN,AITKIN,457700
27003,MN,ANOKA,7591605
27005,MN,BECKER,630560
27007,MN,BELTRAMI,719090
27009,MN,BENTON,646480
27011,MN,BIG STONE,136200
27013,MN,BLUE EARTH,1225700
27015,MN,BROWN,501190
27017,MN,CARLTON,1442130
27019,MN,CARVER,1380200
27021,MN,CASS,354745
27023,MN,CHIPPEWA,160300
27025,MN,CHISAGO,866160
27027,MN,CLAY,1007390
27029,MN,CLEARWATER,188400
27031,MN,COOK,170200
27033,MN,COTTONWOOD,198740
27035,MN,CROW WING,1533860
27037,MN,DAKOTA,6961970
27039,MN,DODGE,83340
27041,MN,DOUGLAS,940120
27043,MN,FARIBAULT,180540
27045,MN,FILLMORE,227500
27047,MN,FREEBORN,667850
27049,MN,GOODHUE,983990
27051,MN,GRANT,89300
27053,MN,HENNEPIN,26513179
27055,MN,HOUSTON,274900
27057,MN,HUBBARD,352400
27059,MN,ISANTI,1129000
27061,MN,ITASCA,1279120
27063,MN,JACKSON,83600
27065,MN,KANABEC,472400
27067,MN,KANDIYOHI,576500
27069,MN,KITTSON,31500
27071,MN,KOOCHICHING,404800
27073,MN,LAC QUI PARLE,88800
27075,MN,LAKE,236530
27077,MN,LAKE OF THE WOODS,106000
27079,MN,LE SUEUR,246600
27081,MN,LINCOLN,84300
27083,MN,LYON,404000
27087,MN,MAHNOMEN,100800
27089,MN,MARSHALL,51620
27091,MN,MARTIN,617960
27085,MN,MCLEOD,1021530
27093,MN,MEEKER,316400
27095,MN,MILLE LACS,1182430
27097,MN,MORRISON,650330
27099,MN,MOWER,691230
27101,MN,MURRAY,48720
27103,MN,NICOLLET,189700
27105,MN,NOBLES,267500
27107,MN,NORMAN,116700
27109,MN,OLMSTED,3430660
27111,MN,OTTER TAIL,1056220
27113,MN,PENNINGTON,526100
27115,MN,PINE,633300
27117,MN,PIPESTONE,185600
27119,MN,POLK,601090
27121,MN,POPE,177200
27123,MN,RAMSEY,11168290
27125,MN,RED LAKE,27140
27127,MN,REDWOOD,198200
27129,MN,RENVILLE,166900
27131,MN,RICE,1077400
27133,MN,ROCK,191840
27135,MN,ROSEAU,301600
27137,MN,SAINT LOUIS,7826400
27139,MN,SCOTT,1927400
27141,MN,SHERBURNE,1320165
27143,MN,SIBLEY,189900
27145,MN,STEARNS,2776870
27147,MN,STEELE,738315
27149,MN,STEVENS,94300
27151,MN,SWIFT,112850
27153,MN,TODD,498300
27155,MN,TRAVERSE,63500
27157,MN,WABASHA,243500
27159,MN,WADENA,466400
27161,MN,WASECA,287140
27163,MN,WASHINGTON,5472370
27165,MN,WATONWAN,159300
27167,MN,WILKIN,136900
27169,MN,WINONA,1146400
27171,MN,WRIGHT,2143860
27173,MN,YELLOW MEDICINE,153800
29001,MO,ADAIR,1060130
29003,MO,ANDREW,308800
29005,MO,ATCHISON,140400
29007,MO,AUDRAIN,669320
29009,MO,BARRY,2126260
29011,MO,BARTON,586610
29013,MO,BATES,648200
29015,MO,BENTON,837520
29017,MO,BOLLINGER,354700
29019,MO,BOONE,4370050
29021,MO,BUCHANAN,5018410
29023,MO,BUTLER,4336100
29025,MO,CALDWELL,92900
29027,MO,CALLAWAY,915400
29029,MO,CAMDEN,2088230
29031,MO,CAPE GIRARDEAU,3548910
29033,MO,CARROLL,321860
29035,MO,CARTER,208230
29037,MO,CASS,3495850
29039,MO,CEDAR,574370
29041,MO,CHARITON,113600
29043,MO,CHRISTIAN,2770170
29045,MO,CLARK,232400
29047,MO,CLAY,7755480
29049,MO,CLINTON,764290
29051,MO,COLE,2546330
29053,MO,COOPER,500420
29055,MO,CRAWFORD,1006700
29057,MO,DADE,295900
29059,MO,DALLAS,523700
29061,MO,DAVIESS,86400
29063,MO,DEKALB,98130
29065,MO,DENT,874120
29067,MO,DOUGLAS,449760
29069,MO,DUNKLIN,2386360
29071,MO,FRANKLIN,4328700
29073,MO,GASCONADE,590360
29075,MO,GENTRY,178690
29077,MO,GREENE,13374820
29079,MO,GRUNDY,385900
29081,MO,HARRISON,351700
29083,MO,HENRY,1280190
29085,MO,HICKORY,220390
29087,MO,HOLT,50900
29089,MO,HOWARD,152800
29091,MO,HOWELL,2302540
29093,MO,IRON,564600
29095,MO,JACKSON,22258800
29097,MO,JASPER,5471570
29099,MO,JEFFERSON,6652328
29101,MO,JOHNSON,893520
29105,MO,LACLEDE,1578600
29107,MO,LAFAYETTE,798630
29109,MO,LAWRENCE,1272580
29111,MO,LEWIS,239600
29113,MO,LINCOLN,1443790
29115,MO,LINN,447730
29117,MO,LIVINGSTON,829600
29121,MO,MACON,421160
29123,MO,MADISON,572500
29125,MO,MARIES,355500
29127,MO,MARION,1224440
29119,MO,MCDONALD,672280
29129,MO,MERCER,58400
29131,MO,MILLER,551220
29133,MO,MISSISSIPPI,769450
29135,MO,MONITEAU,232900
29137,MO,MONROE,124100
29139,MO,MONTGOMERY,367100
29141,MO,MORGAN,730030
29143,MO,NEW MADRID,494810
29145,MO,NEWTON,1268700
29147,MO,NODAWAY,431680
29149,MO,OREGON,362100
29151,MO,OSAGE,109400
29153,MO,OZARK,291900
29155,MO,PEMISCOT,1890490
29157,MO,PERRY,431500
29159,MO,PETTIS,1148190
29161,MO,PHELPS,3634770
29163,MO,PIKE,919310
29165,MO,PLATTE,2364590
29167,MO,POLK,1475660
29169,MO,PULASKI,1381130
29171,MO,PUTNAM,97100
29175,MO,RANDOLPH,842100
29177,MO,RAY,800760
29179,MO,REYNOLDS,262400
29181,MO,RIPLEY,1037000
29183,MO,SAINT CHARLES,8965160
29185,MO,SAINT CLAIR,162300
29187,MO,SAINT FRANCOIS,5740230
29189,MO,SAINT LOUIS,27380518
29510,MO,SAINT LOUIS CITY,6389720
29186,MO,SAINTE GENEVIEVE,263300
29195,MO,SALINE,660510
29199,MO,SCOTLAND,119680
29201,MO,SCOTT,2886450
29203,MO,SHANNON,193300
29205,MO,SHELBY,124690
29207,MO,STODDARD,1812340
29209,MO,STONE,1228930
29211,MO,SULLIVAN,185700
29213,MO,TANEY,2277400
29215,MO,TEXAS,654100
29217,MO,VERNON,777840
29219,MO,WARREN,867890
29221,MO,WASHINGTON,1268000
29223,MO,WAYNE,568610
29225,MO,WEBSTER,1356590
29229,MO,WRIGHT,865890
00000,MP,NORTHERN MARIANA ISLANDS,143000
28001,MS,ADAMS,2340600
28003,MS,ALCORN,2825610
28005,MS,AMITE,229190
28007,MS,ATTALA,649290
28009,MS,BENTON,142000
28011,MS,BOLIVAR,580400
28013,MS,CALHOUN,463800
28015,MS,CARROLL,38700
28017,MS,CHICKASAW,750750
28019,MS,CHOCTAW,181600
28021,MS,CLAIBORNE,207220
28023,MS,CLARKE,700400
28025,MS,CLAY,724940
28027,MS,COAHOMA,1026480
28029,MS,COPIAH,777300
28031,MS,COVINGTON,678860
28033,MS,DESOTO,4945880
28035,MS,FORREST,5501790
28037,MS,FRANKLIN,286090
28039,MS,GEORGE,1520230
28041,MS,GREENE,283500
28043,MS,GRENADA,817320
28045,MS,HANCOCK,1526070
28047,MS,HARRISON,8858050
28049,MS,HINDS,5146354
28051,MS,HOLMES,322400
28053,MS,HUMPHREYS,76500
28057,MS,ITAWAMBA,1568700
28059,MS,JACKSON,6830760
28061,MS,JASPER,237700
28063,MS,JEFFERSON,70200
28065,MS,JEFFERSON DAVIS,436590
28067,MS,JONES,3292910
28069,MS,KEMPER,290000
28071,MS,LAFAYETTE,980330
28073,MS,LAMAR,994320
28075,MS,LAUDERDALE,4906830
28077,MS,LAWRENCE,507600
28079,MS,LEAKE,721060
28081,MS,LEE,3295970
28083,MS,LEFLORE,843830
28085,MS,LINCOLN,1322580
28087,MS,LOWNDES,1723490
28089,MS,MADISON,3017640
28091,MS,MARION,2405250
28093,MS,MARSHALL,325900
28095,MS,MONROE,1176330
28097,MS,MONTGOMERY,331780
28099,MS,NESHOBA,2063420
28101,MS,NEWTON,534380
28103,MS,NOXUBEE,239700
28105,MS,OKTIBBEHA,1017410
28107,MS,PANOLA,1283780
28109,MS,PEARL RIVER,2613970
28111,MS,PERRY,381000
28113,MS,PIKE,2167600
28115,MS,PONTOTOC,884460
28117,MS,PRENTISS,743080
28119,MS,QUITMAN,177940
28121,MS,RANKIN,4796920
28123,MS,SCOTT,873410
28125,MS,SHARKEY,88100
28127,MS,SIMPSON,1521900
28129,MS,SMITH,182700
28131,MS,STONE,1103270
28133,MS,SUNFLOWER,517400
28135,MS,TALLAHATCHIE,190420
28137,MS,TATE,903960
28139,MS,TIPPAH,858930
28141,MS,TISHOMINGO,1387830
28143,MS,TUNICA,156600
28145,MS,UNION,1106820
28147,MS,WALTHALL,698700
28149,MS,WARREN,1848400
28151,MS,WASHINGTON,1374310
28153,MS,WAYNE,1537900
28155,MS,WEBSTER,485760
28157,MS,WILKINSON,313210
28159,MS,WINSTON,513200
28161,MS,YALOBUSHA,186150
28163,MS,YAZOO,547700
30001,MT,BEAVERHEAD,214600
30003,MT,BIG HORN,170160
30005,MT,BLAINE,76330
30007,MT,BROADWATER,80300
30009,MT,CARBON,90200
30013,MT,CASCADE,3252890
30015,MT,CHOUTEAU,103200
30017,MT,CUSTER,410400
30019,MT,DANIELS,22800
30021,MT,DAWSON,260500
30023,MT,DEER LODGE,350700
30025,MT,FALLON,93800
30027,MT,FERGUS,221520
30029,MT,FLATHEAD,4671340
30031,MT,GALLATIN,1517840
30033,MT,GARFIELD,5900
30035,MT,GLACIER,258260
30041,MT,HILL,715560
30043,MT,JEFFERSON,74400
30045,MT,JUDITH BASIN,100
30047,MT,LAKE,1170780
30049,MT,LEWIS AND CLARK,2166720
30051,MT,LIBERTY,27500
30053,MT,LINCOLN,1035360
30057,MT,MADISON,125200
30059,MT,MEAGHER,31800
30061,MT,MINERAL,175300
30063,MT,MISSOULA,3713840
30065,MT,MUSSELSHELL,106400
30067,MT,PARK,422200
30071,MT,PHILLIPS,86100
30073,MT,PONDERA,153530
30075,MT,POWDER RIVER,38800
30077,MT,POWELL,174600
30081,MT,RAVALLI,1410420
30083,MT,RICHLAND,231860
30085,MT,ROOSEVELT,61800
30087,MT,ROSEBUD,112500
30089,MT,SANDERS,507000
30091,MT,SHERIDAN,98900
30093,MT,SILVER BOW,1446830
30095,MT,STILLWATER,143400
30097,MT,SWEET GRASS,58500
30099,MT,TETON,138900
30101,MT,TOOLE,131200
30105,MT,VALLEY,364000
30111,MT,YELLOWSTONE,4648260
37001,NC,ALAMANCE,5302980
37003,NC,ALEXANDER,1330050
37005,NC,ALLEGHANY,365860
37007,NC,ANSON,761020
37009,NC,ASHE,1083560
37011,NC,AVERY,1042400
37013,NC,BEAUFORT,2043760
37015,NC,BERTIE,476500
37017,NC,BLADEN,1981830
37019,NC,BRUNSWICK,5986190
37021,NC,BUNCOMBE,10533660
37023,NC,BURKE,5858710
37025,NC,CABARRUS,6962930
37027,NC,CALDWELL,4615290
37031,NC,CARTERET,3544360
37033,NC,CASWELL,354000
37035,NC,CATAWBA,8360060
37037,NC,CHATHAM,1190780
37039,NC,CHEROKEE,1890860
37041,NC,CHOWAN,323100
37043,NC,CLAY,394540
37045,NC,CLEVELAND,5217490
37047,NC,COLUMBUS,6182900
37049,NC,CRAVEN,4707040
37051,NC,CUMBERLAND,9588460
37053,NC,CURRITUCK,336660
37055,NC,DARE,1531860
37057,NC,DAVIDSON,5920960
37059,NC,DAVIE,1605620
37061,NC,DUPLIN,1615980
37063,NC,DURHAM,6786600
37065,NC,EDGECOMBE,1259500
37067,NC,FORSYTH,12032662
37069,NC,FRANKLIN,1374900
37071,NC,GASTON,10556800
37073,NC,GATES,140100
37075,NC,GRAHAM,358700
37077,NC,GRANVILLE,2015820
37079,NC,GREENE,243200
37081,NC,GUILFORD,15183735
37083,NC,HALIFAX,1860020
37085,NC,HARNETT,3509475
37087,NC,HAYWOOD,3015400
37089,NC,HENDERSON,5254120
37091,NC,HERTFORD,1155300
37093,NC,HOKE,802830
37097,NC,IREDELL,6984110
37099,NC,JACKSON,1685790
37101,NC,JOHNSTON,4581270
37103,NC,JONES,172600
37105,NC,LEE,2840030
37107,NC,LENOIR,3585700
37109,NC,LINCOLN,2723770
37113,NC,MACON,1313570
37115,NC,MADISON,644480
37117,NC,MARTIN,1022630
37111,NC,MCDOWELL,2326300
37119,NC,MECKLENBURG,17323700
37121,NC,MITCHELL,1298240
37123,NC,MONTGOMERY,1087280
37125,NC,MOORE,4443350
37127,NC,NASH,3506190
37129,NC,NEW HANOVER,8286510
37131,NC,NORTHAMPTON,202300
37133,NC,ONSLOW,4930870
37135,NC,ORANGE,2279980
37137,NC,PAMLICO,376300
37139,NC,PASQUOTANK,1350400
37141,NC,PENDER,1144760
37143,NC,PERQUIMANS,281100
37145,NC,PERSON,1793800
37147,NC,PITT,5095980
37149,NC,POLK,721430
37151,NC,RANDOLPH,3812300
37153,NC,RICHMOND,3224710
37155,NC,ROBESON,6305130
37157,NC,ROCKINGHAM,6121540
37159,NC,ROWAN,6010520
37161,NC,RUTHERFORD,3052800
37163,NC,SAMPSON,2293100
37165,NC,SCOTLAND,2510340
37167,NC,STANLY,2984560
37169,NC,STOKES,1935890
37171,NC,SURRY,5306980
37173,NC,SWAIN,671220
37175,NC,TRANSYLVANIA,1429440
37177,NC,TYRRELL,108200
37179,NC,UNION,4277360
37181,NC,VANCE,3174470
37183,NC,WAKE,19144800
37185,NC,WARREN,226830
37187,NC,WASHINGTON,355000
37189,NC,WATAUGA,1543410
37191,NC,WAYNE,3995520
37193,NC,WILKES,3714980
37195,NC,WILSON,3432740
37197,NC,YADKIN,1149230
37199,NC,YANCEY,1141530
38001,ND,ADAMS,99100
38003,ND,BARNES,257220
38005,ND,BENSON,7500
38009,ND,BOTTINEAU,79900
38011,ND,BOWMAN,34900
38015,ND,BURLEIGH,1996440
38017,ND,CASS,2376750
38019,ND,CAVALIER,30720
38021,ND,DICKEY,65100
38023,ND,DIVIDE,35600
38025,ND,DUNN,28800
38027,ND,EDDY,32800
38029,ND,EMMONS,67300
38031,ND,FOSTER,76940
38033,ND,GOLDEN VALLEY,21900
38035,ND,GRAND FORKS,1451680
38037,ND,GRANT,28000
38039,ND,GRIGGS,19300
38041,ND,HETTINGER,42900
38043,ND,KIDDER,23600
38045,ND,LAMOURE,20700
38047,ND,LOGAN,21900
38049,ND,MCHENRY,31900
38051,ND,MCINTOSH,80100
38053,ND,MCKENZIE,37700
38055,ND,MCLEAN,139700
38057,ND,MERCER,153320
38059,ND,MORTON,463700
38061,ND,MOUNTRAIL,76730
38063,ND,NELSON,18200
38067,ND,PEMBINA,99660
38069,ND,PIERCE,67800
38071,ND,RAMSEY,402380
38073,ND,RANSOM,87800
38075,ND,RENVILLE,12000
38077,ND,RICHLAND,187600
38079,ND,ROLETTE,166600
38081,ND,SARGENT,31700
38089,ND,STARK,562100
38093,ND,STUTSMAN,323820
38095,ND,TOWNER,16800
38097,ND,TRAILL,123320
38099,ND,WALSH,280200
38101,ND,WARD,834360
38103,ND,WELLS,57500
38105,ND,WILLIAMS,452460
31001,NE,ADAMS,737800
31003,NE,ANTELOPE,48900
31011,NE,BOONE,172200
31013,NE,BOX BUTTE,272700
31015,NE,BOYD,34800
31017,NE,BROWN,57620
31019,NE,BUFFALO,723660
31021,NE,BURT,108400
31023,NE,BUTLER,87700
31025,NE,CASS,289320
31027,NE,CEDAR,51500
31029,NE,CHASE,82700
31031,NE,CHERRY,178600
31033,NE,CHEYENNE,320400
31035,NE,CLAY,25800
31037,NE,COLFAX,49630
31039,NE,CUMING,125100
31041,NE,CUSTER,263500
31043,NE,DAKOTA,324500
31045,NE,DAWES,211620
31047,NE,DAWSON,334610
31049,NE,DEUEL,32700
31051,NE,DIXON,19600
31053,NE,DODGE,1227600
31055,NE,DOUGLAS,12954780
31057,NE,DUNDY,48100
31059,NE,FILLMORE,115540
31061,NE,FRANKLIN,78100
31065,NE,FURNAS,129400
31067,NE,GAGE,632130
31069,NE,GARDEN,33800
31071,NE,GARFIELD,75330
31075,NE,GRANT,500
31077,NE,GREELEY,11700
31079,NE,HALL,1557790
31081,NE,HAMILTON,94140
31083,NE,HARLAN,46300
31089,NE,HOLT,187600
31093,NE,HOWARD,146400
31095,NE,JEFFERSON,161400
31097,NE,JOHNSON,143000
31099,NE,KEARNEY,77560
31101,NE,KEITH,295000
31105,NE,KIMBALL,86600
31107,NE,KNOX,174320
31109,NE,LANCASTER,6747230
31111,NE,LINCOLN,1266360
31119,NE,MADISON,765360
31121,NE,MERRICK,147600
31123,NE,MORRILL,96200
31125,NE,NANCE,49900
31127,NE,NEMAHA,254800
31129,NE,NUCKOLLS,182900
31131,NE,OTOE,419900
31133,NE,PAWNEE,80000
31135,NE,PERKINS,35400
31137,NE,PHELPS,167480
31139,NE,PIERCE,73500
31141,NE,PLATTE,537180
31143,NE,POLK,60800
31145,NE,RED WILLOW,284300
31147,NE,RICHARDSON,344670
31151,NE,SALINE,330000
31153,NE,SARPY,3286650
31155,NE,SAUNDERS,319500
31157,NE,SCOTTS BLUFF,1208080
31159,NE,SEWARD,323300
31161,NE,SHERIDAN,75500
31163,NE,SHERMAN,26800
31169,NE,THAYER,117600
31173,NE,THURSTON,76000
31175,NE,VALLEY,176400
31177,NE,WASHINGTON,294500
31179,NE,WAYNE,120700
31181,NE,WEBSTER,100600
31185,NE,YORK,432420
33001,NH,BELKNAP,2108300
33003,NH,CARROLL,1465860
33005,NH,CHESHIRE,2137740
33007,NH,COOS,1100400
33009,NH,GRAFTON,3201770
33011,NH,HILLSBOROUGH,9269080
33013,NH,MERRIMACK,5448840
33015,NH,ROCKINGHAM,8447360
33017,NH,STRAFFORD,4325920
33019,NH,SULLIVAN,1088970
34001,NJ,ATLANTIC,11465740
34003,NJ,BERGEN,16883800
34005,NJ,BURLINGTON,14242410
34007,NJ,CAMDEN,21860140
34009,NJ,CAPE MAY,3859680
34011,NJ,CUMBERLAND,5829980
34013,NJ,ESSEX,13302670
34015,NJ,GLOUCESTER,12113720
34017,NJ,HUDSON,8885626
34019,NJ,HUNTERDON,2543040
34021,NJ,MERCER,7774502.5
34023,NJ,MIDDLESEX,19369436
34025,NJ,MONMOUTH,17104561
34027,NJ,MORRIS,10312430
34029,NJ,OCEAN,18815810
34031,NJ,PASSAIC,8687950
34033,NJ,SALEM,2071850
34035,NJ,SOMERSET,4972864
34037,NJ,SUSSEX,4612430
34039,NJ,UNION,10282050
34041,NJ,WARREN,2953850
35001,NM,BERNALILLO,27075110
35003,NM,CATRON,200
35005,NM,CHAVES,2512950
35006,NM,CIBOLA,376700
35007,NM,COLFAX,570700
35009,NM,CURRY,1346500
35011,NM,DE BACA,84600
35013,NM,DONA ANA,4375420
35015,NM,EDDY,2098970
35017,NM,GRANT,1530780
35019,NM,GUADALUPE,101600
35023,NM,HIDALGO,27700
35025,NM,LEA,1926020
35027,NM,LINCOLN,1026820
35028,NM,LOS ALAMOS,486900
35029,NM,LUNA,744600
35031,NM,MCKINLEY,1048600
35035,NM,OTERO,1798050
35037,NM,QUAY,378570
35039,NM,RIO ARRIBA,1671300
35041,NM,ROOSEVELT,544230
35045,NM,SAN JUAN,3139820
35047,NM,SAN MIGUEL,1116200
35043,NM,SANDOVAL,3190560
35049,NM,SANTA FE,5812360
35051,NM,SIERRA,763620
35053,NM,SOCORRO,771350
35055,NM,TAOS,1326100
35057,NM,TORRANCE,360760
35059,NM,UNION,72600
35061,NM,VALENCIA,3277360
32510,NV,CARSON CITY,3416040
32001,NV,CHURCHILL,1251290
32003,NV,CLARK,100014152
32005,NV,DOUGLAS,2287560
32007,NV,ELKO,1582340
32011,NV,EUREKA,100
32013,NV,HUMBOLDT,573820
32015,NV,LANDER,208000
32017,NV,LINCOLN,204500
32019,NV,LYON,1974500
32021,NV,MINERAL,249080
32023,NV,NYE,4055970
32031,NV,WASHOE,17333700
32033,NV,WHITE PINE,672770
00000,NV,null,2200
36001,NY,ALBANY,7198950
36003,NY,ALLEGANY,1442260
36005,NY,BRONX,17321780
36007,NY,BROOME,7626690
36009,NY,CATTARAUGUS,3380660
36011,NY,CAYUGA,1900640
36013,NY,CHAUTAUQUA,5940970
36015,NY,CHEMUNG,2688160
36017,NY,CHENANGO,1725090
36019,NY,CLINTON,2757000
36021,NY,COLUMBIA,1865250
36023,NY,CORTLAND,1540960
36025,NY,DELAWARE,1682180
36027,NY,DUTCHESS,8173830
36029,NY,ERIE,44772494
36031,NY,ESSEX,819100
36033,NY,FRANKLIN,1318800
36035,NY,FULTON,1686200
36037,NY,GENESEE,2059790
36039,NY,GREENE,1874700
36041,NY,HAMILTON,3000
36043,NY,HERKIMER,1977990
36045,NY,JEFFERSON,2669440
36047,NY,KINGS,25707505
36049,NY,LEWIS,455200
36051,NY,LIVINGSTON,1681300
36053,NY,MADISON,2096630
36055,NY,MONROE,23252300
36057,NY,MONTGOMERY,1625130
36059,NY,NASSAU,35556996
36061,NY,NEW YORK,27691105
36063,NY,NIAGARA,11286650
36065,NY,ONEIDA,7620290
36067,NY,ONONDAGA,16763980
36069,NY,ONTARIO,3497190
36071,NY,ORANGE,11378400
36073,NY,ORLEANS,1561010
36075,NY,OSWEGO,4023160
36077,NY,OTSEGO,2363240
36079,NY,PUTNAM,2303430
36081,NY,QUEENS,22770460
36083,NY,RENSSELAER,4264070
36085,NY,RICHMOND,16543370
36087,NY,ROCKLAND,6524330
36089,NY,SAINT LAWRENCE,3137530
36091,NY,SARATOGA,5573860
36093,NY,SCHENECTADY,3659160
36095,NY,SCHOHARIE,1044390
36097,NY,SCHUYLER,604100
36099,NY,SENECA,904640
36101,NY,STEUBEN,3087700
36103,NY,SUFFOLK,48402550
36105,NY,SULLIVAN,3760460
36107,NY,TIOGA,961950
36109,NY,TOMPKINS,2549370
36111,NY,ULSTER,5884955
36113,NY,WARREN,2646970
36115,NY,WASHINGTON,1703770
36117,NY,WAYNE,2989930
36119,NY,WESTCHESTER,16752380
36121,NY,WYOMING,1272940
36123,NY,YATES,533700
39001,OH,ADAMS,1825870
39003,OH,ALLEN,3087850
39005,OH,ASHLAND,1089470
39007,OH,ASHTABULA,3693180
39009,OH,ATHENS,2833100
39011,OH,AUGLAIZE,1084300
39013,OH,BELMONT,4202880
39015,OH,BROWN,1981590
39017,OH,BUTLER,17467810
39019,OH,CARROLL,509630
39021,OH,CHAMPAIGN,1092240
39023,OH,CLARK,6161270
39025,OH,CLERMONT,9069810
39027,OH,CLINTON,2453620
39029,OH,COLUMBIANA,3669370
39031,OH,COSHOCTON,969030
39033,OH,CRAWFORD,1772450
39035,OH,CUYAHOGA,35665315
39037,OH,DARKE,1036630
39039,OH,DEFIANCE,1013400
39041,OH,DELAWARE,5665000
39043,OH,ERIE,2895300
39045,OH,FAIRFIELD,5966320
39047,OH,FAYETTE,1581150
39049,OH,FRANKLIN,60357010
39051,OH,FULTON,1055060
39053,OH,GALLIA,2873180
39055,OH,GEAUGA,1932690
39057,OH,GREENE,5203770
39059,OH,GUERNSEY,2475030
39061,OH,HAMILTON,35165729
39063,OH,HANCOCK,1952870
39065,OH,HARDIN,1048490
39067,OH,HARRISON,380290
39069,OH,HENRY,440500
39071,OH,HIGHLAND,2521700
39073,OH,HOCKING,1338240
39075,OH,HOLMES,365800
39077,OH,HURON,2292150
39079,OH,JACKSON,3196700
39081,OH,JEFFERSON,3683200
39083,OH,KNOX,2409460
39085,OH,LAKE,8942820
39087,OH,LAWRENCE,3931930
39089,OH,LICKING,5087710
39091,OH,LOGAN,1699800
39093,OH,LORAIN,8945820
39095,OH,LUCAS,23821060
39097,OH,MADISON,1433840
39099,OH,MAHONING,10397040
39101,OH,MARION,2602250
39103,OH,MEDINA,6253490
39105,OH,MEIGS,1532540
39107,OH,MERCER,719500
39109,OH,MIAMI,3381280
39111,OH,MONROE,323300
39113,OH,MONTGOMERY,23283440
39115,OH,MORGAN,367400
39117,OH,MORROW,760300
39119,OH,MUSKINGUM,4608650
39121,OH,NOBLE,599190
39123,OH,OTTAWA,1105830
39125,OH,PAULDING,330300
39127,OH,PERRY,1764990
39129,OH,PICKAWAY,2545450
39131,OH,PIKE,1437360
39133,OH,PORTAGE,4343620
39135,OH,PREBLE,1732860
39137,OH,PUTNAM,710500
39139,OH,RICHLAND,4512660
39141,OH,ROSS,4953900
39143,OH,SANDUSKY,1572670
39145,OH,SCIOTO,5889500
39147,OH,SENECA,2107460
39149,OH,SHELBY,1420300
39151,OH,STARK,15807519
39153,OH,SUMMIT,21893740
39155,OH,TRUMBULL,11197460
39157,OH,TUSCARAWAS,3203580
39159,OH,UNION,1611610
39161,OH,VAN WERT,850600
39163,OH,VINTON,224200
39165,OH,WARREN,7741980
39167,OH,WASHINGTON,3012300
39169,OH,WAYNE,2766620
39171,OH,WILLIAMS,864100
39173,OH,WOOD,4031290
39175,OH,WYANDOT,464570
40001,OK,ADAIR,772100
40003,OK,ALFALFA,73280
40005,OK,ATOKA,520400
40007,OK,BEAVER,90800
40009,OK,BECKHAM,1624480
40011,OK,BLAINE,219440
40013,OK,BRYAN,2413880
40015,OK,CADDO,1231470
40017,OK,CANADIAN,4216470
40019,OK,CARTER,2872350
40021,OK,CHEROKEE,2202980
40023,OK,CHOCTAW,980370
40025,OK,CIMARRON,36400
40027,OK,CLEVELAND,9553290
40029,OK,COAL,113200
40031,OK,COMANCHE,4444960
40033,OK,COTTON,136560
40035,OK,CRAIG,612820
40037,OK,CREEK,3891360
40039,OK,CUSTER,1155840
40041,OK,DELAWARE,1247710
40043,OK,DEWEY,91820
40045,OK,ELLIS,99300
40047,OK,GARFIELD,2250940
40049,OK,GARVIN,1651560
40051,OK,GRADY,1654580
40053,OK,GRANT,26800
40055,OK,GREER,456320
40057,OK,HARMON,142270
40059,OK,HARPER,125200
40061,OK,HASKELL,761760
40063,OK,HUGHES,572800
40065,OK,JACKSON,1287670
40067,OK,JEFFERSON,552660
40069,OK,JOHNSTON,648850
40071,OK,KAY,2249580
40073,OK,KINGFISHER,619400
40075,OK,KIOWA,419770
40077,OK,LATIMER,625490
40079,OK,LE FLORE,2754330
40081,OK,LINCOLN,1002740
40083,OK,LOGAN,999000
40085,OK,LOVE,252470
40093,OK,MAJOR,113950
40095,OK,MARSHALL,609940
40097,OK,MAYES,2746740
40087,OK,MCCLAIN,2467210
40089,OK,MCCURTAIN,2404170
40091,OK,MCINTOSH,1218300
40099,OK,MURRAY,829660
40101,OK,MUSKOGEE,3705150
40103,OK,NOBLE,314740
40105,OK,NOWATA,251600
40107,OK,OKFUSKEE,471660
40109,OK,OKLAHOMA,38997869
40111,OK,OKMULGEE,1893270
40113,OK,OSAGE,666840
40115,OK,OTTAWA,1217440
40117,OK,PAWNEE,822510
40119,OK,PAYNE,3448750
40121,OK,PITTSBURG,2739440
40123,OK,PONTOTOC,1824340
40125,OK,POTTAWATOMIE,4420070
40127,OK,PUSHMATAHA,471450
40129,OK,ROGER MILLS,114020
40131,OK,ROGERS,4496860
40133,OK,SEMINOLE,1349700
40135,OK,SEQUOYAH,2150440
40137,OK,STEPHENS,3414750
40139,OK,TEXAS,718570
40141,OK,TILLMAN,400980
40143,OK,TULSA,36834610
40145,OK,WAGONER,1895070
40147,OK,WASHINGTON,2347980
40149,OK,WASHITA,158730
40151,OK,WOODS,361400
40153,OK,WOODWARD,715900
41001,OR,BAKER,911190
41003,OR,BENTON,2485560
41005,OR,CLACKAMAS,19515270
41007,OR,CLATSOP,2339000
41009,OR,COLUMBIA,2156400
41011,OR,COOS,4595760
41013,OR,CROOK,969140
41015,OR,CURRY,1828470
41017,OR,DESCHUTES,6574400
41019,OR,DOUGLAS,6180940
41021,OR,GILLIAM,47100
41023,OR,GRANT,304400
41025,OR,HARNEY,281800
41027,OR,HOOD RIVER,976600
41029,OR,JACKSON,12412924
41031,OR,JEFFERSON,680200
41033,OR,JOSEPHINE,5894750
41035,OR,KLAMATH,3421360
41037,OR,LAKE,523800
41039,OR,LANE,16369490
41041,OR,LINCOLN,3290960
41043,OR,LINN,6240260
41045,OR,MALHEUR,1504160
41047,OR,MARION,12455460
41049,OR,MORROW,193480
41051,OR,MULTNOMAH,37455260
41053,OR,POLK,2211900
41057,OR,TILLAMOOK,1647140
41059,OR,UMATILLA,2919650
41061,OR,UNION,1364400
41063,OR,WALLOWA,236200
41065,OR,WASCO,1823900
41067,OR,WASHINGTON,18327020
41071,OR,YAMHILL,3888550
42001,PA,ADAMS,2123800
42003,PA,ALLEGHENY,49259456
42005,PA,ARMSTRONG,2396100
42007,PA,BEAVER,5462070
42009,PA,BEDFORD,1433840
42011,PA,BERKS,8032642
42013,PA,BLAIR,5831870
42015,PA,BRADFORD,1938560
42017,PA,BUCKS,20610350
42019,PA,BUTLER,5264190
42021,PA,CAMBRIA,8058470
42023,PA,CAMERON,259700
42025,PA,CARBON,2744930
42027,PA,CENTRE,2643920
42029,PA,CHESTER,9841580
42031,PA,CLARION,1014470
42033,PA,CLEARFIELD,2481200
42035,PA,CLINTON,1298400
42037,PA,COLUMBIA,1922030
42039,PA,CRAWFORD,3249200
42041,PA,CUMBERLAND,7298630
42043,PA,DAUPHIN,7667630
42045,PA,DELAWARE,21711600
42047,PA,ELK,1116100
42049,PA,ERIE,9761780
42051,PA,FAYETTE,8375930
42053,PA,FOREST,138780
42055,PA,FRANKLIN,3565440
42057,PA,FULTON,204000
42059,PA,GREENE,1333300
42061,PA,HUNTINGDON,811660
42063,PA,INDIANA,2714009
42065,PA,JEFFERSON,1217720
42067,PA,JUNIATA,643520
42069,PA,LACKAWANNA,10837250
42071,PA,LANCASTER,12894270
42073,PA,LAWRENCE,4714920
42075,PA,LEBANON,2724605
42077,PA,LEHIGH,7270070
42079,PA,LUZERNE,12135770
42081,PA,LYCOMING,3348140
42083,PA,MCKEAN,1677300
42085,PA,MERCER,5207250
42087,PA,MIFFLIN,1680800
42089,PA,MONROE,6229530
42091,PA,MONTGOMERY,29036270
42093,PA,MONTOUR,416500
42095,PA,NORTHAMPTON,6871180
42097,PA,NORTHUMBERLAND,3256980
42099,PA,PERRY,1386960
42101,PA,PHILADELPHIA,52231400
42103,PA,PIKE,1731700
42105,PA,POTTER,592470
42107,PA,SCHUYLKILL,5238720
42109,PA,SNYDER,829200
42111,PA,SOMERSET,2064140
42113,PA,SULLIVAN,91520
42115,PA,SUSQUEHANNA,892010
42117,PA,TIOGA,1178580
42119,PA,UNION,750640
42121,PA,VENANGO,1719760
42123,PA,WARREN,1071200
42125,PA,WASHINGTON,7140660
42127,PA,WAYNE,1802510
42129,PA,WESTMORELAND,13570930
42131,PA,WYOMING,923000
42133,PA,YORK,10758846
72001,PR,ADJUNTAS,45400
72003,PR,AGUADA,38300
72005,PR,AGUADILLA,163000
72007,PR,AGUAS BUENAS,28700
72009,PR,AIBONITO,147000
72011,PR,ANASCO,84800
72013,PR,ARECIBO,252190
72015,PR,ARROYO,24400
72017,PR,BARCELONETA,30100
72019,PR,BARRANQUITAS,47700
72021,PR,BAYAMON,669160
72023,PR,CABO ROJO,45730
72025,PR,CAGUAS,821130
72027,PR,CAMUY,40500
72029,PR,CANOVANAS,42600
72031,PR,CAROLINA,430100
72033,PR,CATANO,34890
72035,PR,CAYEY,169400
72037,PR,CEIBA,16700
72039,PR,CIALES,9700
72041,PR,CIDRA,157300
72043,PR,COAMO,217800
72045,PR,COMERIO,40500
72047,PR,COROZAL,101890
72051,PR,DORADO,69030
72053,PR,FAJARDO,158300
72054,PR,FLORIDA,8600
72055,PR,GUANICA,13830
72057,PR,GUAYAMA,107990
72059,PR,GUAYANILLA,3400
72061,PR,GUAYNABO,251360
72063,PR,GURABO,78600
72065,PR,HATILLO,75600
72067,PR,HORMIGUEROS,64700
72069,PR,HUMACAO,213800
72071,PR,ISABELA,96200
72073,PR,JAYUYA,25300
72075,PR,JUANA DIAZ,100960
72077,PR,JUNCOS,117700
72079,PR,LAJAS,7500
72081,PR,LARES,42500
72083,PR,LAS MARIAS,500
72085,PR,LAS PIEDRAS,29800
72087,PR,LOIZA,59200
72089,PR,LUQUILLO,43900
72091,PR,MANATI,186300
72095,PR,MAUNABO,16600
72097,PR,MAYAGUEZ,156200
72099,PR,MOCA,93700
72101,PR,MOROVIS,26100
72103,PR,NAGUABO,21100
72105,PR,NARANJITO,58900
72107,PR,OROCOVIS,26400
72109,PR,PATILLAS,16100
72111,PR,PENUELAS,28300
72113,PR,PONCE,430980
72115,PR,QUEBRADILLAS,73300
72117,PR,RINCON,33530
72119,PR,RIO GRANDE,24800
72121,PR,SABANA GRANDE,59600
72123,PR,SALINAS,152800
72125,PR,SAN GERMAN,104900
72127,PR,SAN JUAN,1448360
72129,PR,SAN LORENZO,114330
72131,PR,SAN SEBASTIAN,141700
72133,PR,SANTA ISABEL,56200
72135,PR,TOA ALTA,66500
72137,PR,TOA BAJA,86400
72139,PR,TRUJILLO ALTO,73700
72141,PR,UTUADO,70900
72143,PR,VEGA ALTA,171800
72145,PR,VEGA BAJA,126290
72147,PR,VIEQUES,25700
72149,PR,VILLALBA,28200
72151,PR,YABUCOA,104300
72153,PR,YAUCO,111030
00000,PW,PALAU,7500
44001,RI,BRISTOL,1041400
44003,RI,KENT,7811070
44005,RI,NEWPORT,2357000
44007,RI,PROVIDENCE,19920600
44009,RI,WASHINGTON,4262360
45001,SC,ABBEVILLE,424590
45003,SC,AIKEN,4764979
45005,SC,ALLENDALE,282420
45007,SC,ANDERSON,8128960
45009,SC,BAMBERG,443300
45011,SC,BARNWELL,1073720
45013,SC,BEAUFORT,3370500
45015,SC,BERKELEY,4316010
45017,SC,CALHOUN,159710
45019,SC,CHARLESTON,44193420
45021,SC,CHEROKEE,3431570
45023,SC,CHESTER,821670
45025,SC,CHESTERFIELD,2338660
45027,SC,CLARENDON,1488880
45029,SC,COLLETON,1560750
45031,SC,DARLINGTON,4901430
45033,SC,DILLON,1479710
45035,SC,DORCHESTER,4497590
45037,SC,EDGEFIELD,176960
45039,SC,FAIRFIELD,502020
45041,SC,FLORENCE,7648360
45043,SC,GEORGETOWN,2806650
45045,SC,GREENVILLE,21804030
45047,SC,GREENWOOD,2758520
45049,SC,HAMPTON,678960
45051,SC,HORRY,12977720
45053,SC,JASPER,486960
45055,SC,KERSHAW,1379010
45057,SC,LANCASTER,2328040
45059,SC,LAURENS,3001120
45061,SC,LEE,429300
45063,SC,LEXINGTON,6894520
45067,SC,MARION,1212140
45069,SC,MARLBORO,1172300
45065,SC,MCCORMICK,124960
45071,SC,NEWBERRY,1150530
45073,SC,OCONEE,5240460
45075,SC,ORANGEBURG,2654690
45077,SC,PICKENS,5520150
45079,SC,RICHLAND,7141660
45081,SC,SALUDA,208020
45083,SC,SPARTANBURG,16360780
45085,SC,SUMTER,2484070
45087,SC,UNION,1734750
45089,SC,WILLIAMSBURG,727910
45091,SC,YORK,4632680
46005,SD,BEADLE,262300
46007,SD,BENNETT,38900
46009,SD,BON HOMME,72900
46011,SD,BROOKINGS,370200
46013,SD,BROWN,606660
46015,SD,BRULE,79300
46019,SD,BUTTE,102600
46023,SD,CHARLES MIX,81900
46025,SD,CLARK,14900
46027,SD,CLAY,171900
46029,SD,CODINGTON,662090
46031,SD,CORSON,30
46033,SD,CUSTER,179100
46035,SD,DAVISON,416530
46037,SD,DAY,91800
46039,SD,DEUEL,36200
46043,SD,DOUGLAS,37020
46045,SD,EDMUNDS,24400
46047,SD,FALL RIVER,209400
46049,SD,FAULK,37800
46051,SD,GRANT,98200
46053,SD,GREGORY,104900
46055,SD,HAAKON,31400
46059,SD,HAND,51620
46065,SD,HUGHES,472080
46067,SD,HUTCHINSON,122730
46073,SD,JERAULD,57600
46077,SD,KINGSBURY,75090
46079,SD,LAKE,140530
46081,SD,LAWRENCE,607300
46083,SD,LINCOLN,345600
46091,SD,MARSHALL,71300
46087,SD,MCCOOK,48400
46089,SD,MCPHERSON,29800
46093,SD,MEADE,224300
46095,SD,MELLETTE,66700
46097,SD,MINER,15300
46099,SD,MINNEHAHA,4707760
46101,SD,MOODY,18400
46103,SD,PENNINGTON,2402720
46105,SD,PERKINS,32500
46107,SD,POTTER,95600
46109,SD,ROBERTS,85760
46115,SD,SPINK,82500
46117,SD,STANLEY,30300
46123,SD,TRIPP,161200
46125,SD,TURNER,93900
46127,SD,UNION,244760
46129,SD,WALWORTH,117200
46135,SD,YANKTON,541800
47001,TN,ANDERSON,5800560
47003,TN,BEDFORD,1659020
47005,TN,BENTON,1453400
47007,TN,BLEDSOE,643140
47009,TN,BLOUNT,5874170
47011,TN,BRADLEY,7088020
47013,TN,CAMPBELL,3481590
47015,TN,CANNON,831680
47017,TN,CARROLL,2932540
47019,TN,CARTER,3253470
47021,TN,CHEATHAM,1535090
47023,TN,CHESTER,557260
47025,TN,CLAIBORNE,3481320
47027,TN,CLAY,836040
47029,TN,COCKE,3197980
47031,TN,COFFEE,3692650
47033,TN,CROCKETT,386520
47035,TN,CUMBERLAND,3486890
47037,TN,DAVIDSON,27030080
47039,TN,DECATUR,1396440
47041,TN,DEKALB,1584930
47043,TN,DICKSON,2393680
47045,TN,DYER,2578220
47047,TN,FAYETTE,876300
47049,TN,FENTRESS,2198120
47051,TN,FRANKLIN,2074820
47053,TN,GIBSON,2343020
47055,TN,GILES,1823580
47057,TN,GRAINGER,1116200
47059,TN,GREENE,4076380
47061,TN,GRUNDY,1691100
47063,TN,HAMBLEN,8288030
47065,TN,HAMILTON,17792332
47067,TN,HANCOCK,307240
47069,TN,HARDEMAN,828000
47071,TN,HARDIN,1648150
47073,TN,HAWKINS,3055640
47075,TN,HAYWOOD,332740
47077,TN,HENDERSON,1158200
47079,TN,HENRY,2648650
47081,TN,HICKMAN,612170
47083,TN,HOUSTON,377050
47085,TN,HUMPHREYS,713470
47087,TN,JACKSON,478500
47089,TN,JEFFERSON,3164220
47091,TN,JOHNSON,1217800
47093,TN,KNOX,29794390
47095,TN,LAKE,258550
47097,TN,LAUDERDALE,976730
47099,TN,LAWRENCE,2480100
47101,TN,LEWIS,686000
47103,TN,LINCOLN,1573690
47105,TN,LOUDON,2152540
47111,TN,MACON,1105400
47113,TN,MADISON,4183280
47115,TN,MARION,1440390
47117,TN,MARSHALL,2133230
47119,TN,MAURY,3840440
47107,TN,MCMINN,3597150
47109,TN,MCNAIRY,1539150
47121,TN,MEIGS,324940
47123,TN,MONROE,2521520
47125,TN,MONTGOMERY,5139650
47127,TN,MOORE,38700
47129,TN,MORGAN,1495470
47131,TN,OBION,1334640
47133,TN,OVERTON,1190400
47135,TN,PERRY,310110
47137,TN,PICKETT,258980
47139,TN,POLK,1848794
47141,TN,PUTNAM,4307390
47143,TN,RHEA,2271880
47145,TN,ROANE,5376330
47147,TN,ROBERTSON,3748110
47149,TN,RUTHERFORD,9259870
47151,TN,SCOTT,1756980
47153,TN,SEQUATCHIE,1273000
47155,TN,SEVIER,4491620
47157,TN,SHELBY,21342480
47159,TN,SMITH,2460310
47161,TN,STEWART,381430
47163,TN,SULLIVAN,14699830
47165,TN,SUMNER,6167980
47167,TN,TIPTON,1535100
47169,TN,TROUSDALE,592660
47171,TN,UNICOI,1639810
47173,TN,UNION,1149110
47177,TN,WARREN,3450460
47179,TN,WASHINGTON,8354050
47181,TN,WAYNE,1432390
47183,TN,WEAKLEY,1882720
47185,TN,WHITE,1389850
47187,TN,WILLIAMSON,6070900
47189,TN,WILSON,4354670
48001,TX,ANDERSON,2296470
48003,TX,ANDREWS,320200
48005,TX,ANGELINA,4016760
48007,TX,ARANSAS,989600
48011,TX,ARMSTRONG,14900
48013,TX,ATASCOSA,1954850
48015,TX,AUSTIN,706960
48017,TX,BAILEY,133400
48019,TX,BANDERA,299080
48021,TX,BASTROP,1954870
48023,TX,BAYLOR,106700
48025,TX,BEE,760330
48027,TX,BELL,6453800
48029,TX,BEXAR,43616874
48031,TX,BLANCO,122200
48035,TX,BOSQUE,409880
48037,TX,BOWIE,4869680
48039,TX,BRAZORIA,9537920
48041,TX,BRAZOS,3610950
48043,TX,BREWSTER,327020
48047,TX,BROOKS,128100
48049,TX,BROWN,2362230
48051,TX,BURLESON,277700
48053,TX,BURNET,1698880
48055,TX,CALDWELL,633790
48057,TX,CALHOUN,920840
48059,TX,CALLAHAN,136200
48061,TX,CAMERON,4912630
48063,TX,CAMP,399100
48065,TX,CARSON,50000
48067,TX,CASS,1679530
48069,TX,CASTRO,118000
48071,TX,CHAMBERS,362210
48073,TX,CHEROKEE,1614710
48075,TX,CHILDRESS,467700
48077,TX,CLAY,215900
48083,TX,COLEMAN,126810
48085,TX,COLLIN,16275440
48089,TX,COLORADO,401000
48091,TX,COMAL,3253460
48093,TX,COMANCHE,420330
48097,TX,COOKE,1626720
48099,TX,CORYELL,1454190
48103,TX,CRANE,86200
48105,TX,CROCKETT,54200
48107,TX,CROSBY,126190
48111,TX,DALLAM,160300
48113,TX,DALLAS,61434160
48115,TX,DAWSON,252130
48123,TX,DE WITT,779280
48117,TX,DEAF SMITH,389400
48121,TX,DENTON,15797310
48125,TX,DICKENS,50600
48127,TX,DIMMIT,269360
48129,TX,DONLEY,75730
48131,TX,DUVAL,49500
48133,TX,EASTLAND,833890
48135,TX,ECTOR,5420710
48137,TX,EDWARDS,2000
48141,TX,EL PASO,11113370
48139,TX,ELLIS,3896520
48143,TX,ERATH,1241080
48145,TX,FALLS,353860
48147,TX,FANNIN,1026720
48149,TX,FAYETTE,789060
48151,TX,FISHER,88240
48153,TX,FLOYD,102990
48155,TX,FOARD,27600
48157,TX,FORT BEND,13099460
48159,TX,FRANKLIN,326310
48161,TX,FREESTONE,373360
48163,TX,FRIO,289200
48165,TX,GAINES,343700
48167,TX,GALVESTON,11702528
48169,TX,GARZA,71300
48171,TX,GILLESPIE,792170
48175,TX,GOLIAD,84100
48177,TX,GONZALES,411910
48179,TX,GRAY,795920
48181,TX,GRAYSON,6569270
48183,TX,GREGG,8087270
48185,TX,GRIMES,264730
48187,TX,GUADALUPE,2726240
48189,TX,HALE,721320
48191,TX,HALL,87600
48193,TX,HAMILTON,438060
48195,TX,HANSFORD,56900
48197,TX,HARDEMAN,96700
48199,TX,HARDIN,1940970
48201,TX,HARRIS,136882608
48203,TX,HARRISON,1881700
48207,TX,HASKELL,232450
48209,TX,HAYS,3122806
48211,TX,HEMPHILL,57700
48213,TX,HENDERSON,3091890
48215,TX,HIDALGO,8059000
48217,TX,HILL,1471860
48219,TX,HOCKLEY,640800
48221,TX,HOOD,2202210
48223,TX,HOPKINS,2406770
48225,TX,HOUSTON,724800
48227,TX,HOWARD,1306130
48231,TX,HUNT,4011110
48233,TX,HUTCHINSON,684300
48237,TX,JACK,217120
48239,TX,JACKSON,253600
48241,TX,JASPER,2310750
48245,TX,JEFFERSON,11778000
48247,TX,JIM HOGG,41900
48249,TX,JIM WELLS,1499070
48251,TX,JOHNSON,5839510
48253,TX,JONES,373830
48255,TX,KARNES,349170
48257,TX,KAUFMAN,3917590
48259,TX,KENDALL,1108450
48265,TX,KERR,2124500
48267,TX,KIMBLE,149700
48271,TX,KINNEY,33660
48273,TX,KLEBERG,639110
48275,TX,KNOX,127090
48283,TX,LA SALLE,112800
48277,TX,LAMAR,2630580
48279,TX,LAMB,366500
48281,TX,LAMPASAS,454350
48285,TX,LAVACA,663780
48287,TX,LEE,303250
48289,TX,LEON,330720
48291,TX,LIBERTY,5281460
48293,TX,LIMESTONE,1219090
48297,TX,LIVE OAK,127960
48299,TX,LLANO,754030
48303,TX,LUBBOCK,10478510
48305,TX,LYNN,40360
48313,TX,MADISON,424460
48315,TX,MARION,140390
48317,TX,MARTIN,81800
48319,TX,MASON,83790
48321,TX,MATAGORDA,1321940
48323,TX,MAVERICK,505160
48307,TX,MCCULLOCH,333300
48309,TX,MCLENNAN,7452530
48325,TX,MEDINA,740410
48327,TX,MENARD,30300
48329,TX,MIDLAND,4055940
48331,TX,MILAM,934170
48333,TX,MILLS,107000
48335,TX,MITCHELL,144780
48337,TX,MONTAGUE,1239100
48339,TX,MONTGOMERY,14426055
48341,TX,MOORE,363930
48343,TX,MORRIS,734900
48347,TX,NACOGDOCHES,2688860
48349,TX,NAVARRO,1519760
48351,TX,NEWTON,617500
48353,TX,NOLAN,642730
48355,TX,NUECES,10715830
48357,TX,OCHILTREE,203900
48361,TX,ORANGE,4843710
48363,TX,PALO PINTO,1814270
48365,TX,PANOLA,720790
48367,TX,PARKER,3221890
48369,TX,PARMER,99300
48371,TX,PECOS,360000
48373,TX,POLK,1918140
48375,TX,POTTER,3945140
48379,TX,RAINS,283130
48381,TX,RANDALL,3233760
48383,TX,REAGAN,37600
48387,TX,RED RIVER,257030
48389,TX,REEVES,337700
48391,TX,REFUGIO,156030
48395,TX,ROBERTSON,293700
48397,TX,ROCKWALL,1852610
48399,TX,RUNNELS,420750
48401,TX,RUSK,1272240
48403,TX,SABINE,380150
48405,TX,SAN AUGUSTINE,363650
48407,TX,SAN JACINTO,493300
48409,TX,SAN PATRICIO,2486640
48411,TX,SAN SABA,145700
48415,TX,SCURRY,508900
48417,TX,SHACKELFORD,12800
48419,TX,SHELBY,1074370
48421,TX,SHERMAN,75300
48423,TX,SMITH,9311740
48425,TX,SOMERVELL,418400
48427,TX,STARR,386550
48429,TX,STEPHENS,555220
48433,TX,STONEWALL,29200
48435,TX,SUTTON,83700
48437,TX,SWISHER,103600
48439,TX,TARRANT,58328940
48441,TX,TAYLOR,5749440
48445,TX,TERRY,384300
48449,TX,TITUS,1401040
48451,TX,TOM GREEN,5720060
48453,TX,TRAVIS,24308578
48455,TX,TRINITY,727200
48457,TX,TYLER,595490
48459,TX,UPSHUR,824190
48463,TX,UVALDE,600730
48465,TX,VAL VERDE,538090
48467,TX,VAN ZANDT,1858230
48469,TX,VICTORIA,3414330
48471,TX,WALKER,1694900
48473,TX,WALLER,241730
48475,TX,WARD,295440
48477,TX,WASHINGTON,752120
48479,TX,WEBB,1946630
48481,TX,WHARTON,814890
48483,TX,WHEELER,124000
48485,TX,WICHITA,7124320
48487,TX,WILBARGER,969120
48489,TX,WILLACY,283200
48491,TX,WILLIAMSON,12102660
48493,TX,WILSON,844710
48495,TX,WINKLER,275380
48497,TX,WISE,1807570
48499,TX,WOOD,2283790
48501,TX,YOAKUM,215250
48503,TX,YOUNG,1602100
48505,TX,ZAPATA,101130
48507,TX,ZAVALA,191700
49001,UT,BEAVER,238000
49003,UT,BOX ELDER,1972160
49005,UT,CACHE,2440700
49007,UT,CARBON,2053540
49011,UT,DAVIS,8852570
49013,UT,DUCHESNE,630440
49015,UT,EMERY,691200
49017,UT,GARFIELD,166700
49019,UT,GRAND,385300
49021,UT,IRON,1615060
49023,UT,JUAB,380200
49025,UT,KANE,399060
49027,UT,MILLARD,649100
49029,UT,MORGAN,123300
49033,UT,RICH,83500
49035,UT,SALT LAKE,37848878
49037,UT,SAN JUAN,321510
49039,UT,SANPETE,1005020
49041,UT,SEVIER,723100
49043,UT,SUMMIT,898100
49045,UT,TOOELE,1972800
49047,UT,UINTAH,822300
49049,UT,UTAH,13099990
49051,UT,WASATCH,693700
49053,UT,WASHINGTON,5611290
49055,UT,WAYNE,108500
49057,UT,WEBER,9436840
51001,VA,ACCOMACK,691600
51003,VA,ALBEMARLE,2467320
51510,VA,ALEXANDRIA CITY,1643660
51005,VA,ALLEGHANY,403360
51007,VA,AMELIA,210600
51009,VA,AMHERST,750360
51011,VA,APPOMATTOX,532660
51013,VA,ARLINGTON,1620150
51015,VA,AUGUSTA,1472080
51017,VA,BATH,84000
51019,VA,BEDFORD,1074900
51021,VA,BLAND,240700
51023,VA,BOTETOURT,558230
51520,VA,BRISTOL,1806430
51025,VA,BRUNSWICK,86400
51027,VA,BUCHANAN,2116220
51029,VA,BUCKINGHAM,385350
51530,VA,BUENA VISTA CITY,270080
51031,VA,CAMPBELL,697000
51033,VA,CAROLINE,291660
51035,VA,CARROLL,576900
51037,VA,CHARLOTTE,292600
51540,VA,CHARLOTTESVILLE CITY,1537000
51550,VA,CHESAPEAKE CITY,4608910
51041,VA,CHESTERFIELD,7933620
51043,VA,CLARKE,120300
51570,VA,COLONIAL HEIGHTS CITY,1331990
51580,VA,COVINGTON CITY,617200
51045,VA,CRAIG,137390
51047,VA,CULPEPER,1424560
51049,VA,CUMBERLAND,81480
51590,VA,DANVILLE CITY,2592170
51051,VA,DICKENSON,1656180
51053,VA,DINWIDDIE,101300
51057,VA,ESSEX,351330
51059,VA,FAIRFAX,13727560
51600,VA,FAIRFAX CITY,704920
51610,VA,FALLS CHURCH CITY,718180
51061,VA,FAUQUIER,2426290
51063,VA,FLOYD,324400
51065,VA,FLUVANNA,353800
51067,VA,FRANKLIN,2128300
51620,VA,FRANKLIN CITY,591100
51069,VA,FREDERICK,1538300
51630,VA,FREDERICKSBURG CITY,1546340
51640,VA,GALAX CITY,937230
51071,VA,GILES,1493400
51073,VA,GLOUCESTER,1219300
51075,VA,GOOCHLAND,293820
51077,VA,GRAYSON,154100
51079,VA,GREENE,100700
51081,VA,GREENSVILLE,437200
51083,VA,HALIFAX,1016300
51650,VA,HAMPTON CITY,3254960
51085,VA,HANOVER,3029890
51660,VA,HARRISONBURG CITY,2536230
51087,VA,HENRICO,9306680
51089,VA,HENRY,2165830
51670,VA,HOPEWELL CITY,989820
51093,VA,ISLE OF WIGHT,810400
51095,VA,JAMES CITY,1650500
51099,VA,KING GEORGE,220400
51101,VA,KING WILLIAM,431400
51103,VA,LANCASTER,615390
51105,VA,LEE,1896600
51678,VA,LEXINGTON CITY,750050
51107,VA,LOUDOUN,4575015
51109,VA,LOUISA,715700
51111,VA,LUNENBURG,184110
51680,VA,LYNCHBURG CITY,3460960
51113,VA,MADISON,113400
51683,VA,MANASSAS CITY,1284500
51690,VA,MARTINSVILLE CITY,3215460
51115,VA,MATHEWS,189430
51117,VA,MECKLENBURG,1041610
51119,VA,MIDDLESEX,224100
51121,VA,MONTGOMERY,3283550
51125,VA,NELSON,327600
51127,VA,NEW KENT,305700
51700,VA,NEWPORT NEWS CITY,3819440
51710,VA,NORFOLK CITY,4348040
51131,VA,NORTHAMPTON,564150
51133,VA,NORTHUMBERLAND,177800
51720,VA,NORTON CITY,1083060
51135,VA,NOTTOWAY,435900
51137,VA,ORANGE,1099300
51139,VA,PAGE,1128180
51141,VA,PATRICK,769200
51730,VA,PETERSBURG CITY,1291600
51143,VA,PITTSYLVANIA,411200
51735,VA,POQUOSON CITY,339100
51740,VA,PORTSMOUTH CITY,3582259
51145,VA,POWHATAN,366730
51147,VA,PRINCE EDWARD,619700
51149,VA,PRINCE GEORGE,117200
51153,VA,PRINCE WILLIAM,6166540
51155,VA,PULASKI,2815030
51750,VA,RADFORD,948330
51157,VA,RAPPAHANNOCK,61800
51159,VA,RICHMOND,111100
51760,VA,RICHMOND CITY,4029980
51161,VA,ROANOKE,3315390
51770,VA,ROANOKE CITY,5206930
51165,VA,ROCKINGHAM,923950
51167,VA,RUSSELL,2443100
51775,VA,SALEM,2130410
51169,VA,SCOTT,2228200
51171,VA,SHENANDOAH,1136780
51173,VA,SMYTH,2216210
51175,VA,SOUTHAMPTON,15500
51177,VA,SPOTSYLVANIA,2659970
51179,VA,STAFFORD,2415070
51790,VA,STAUNTON CITY,1976200
51800,VA,SUFFOLK CITY,1824770
51181,VA,SURRY,19400
51183,VA,SUSSEX,162100
51185,VA,TAZEWELL,4247380
51810,VA,VIRGINIA BEACH CITY,7537109
51187,VA,WARREN,1532200
51191,VA,WASHINGTON,3680690
51820,VA,WAYNESBORO CITY,2202630
51193,VA,WESTMORELAND,284800
51840,VA,WINCHESTER CITY,2227300
51195,VA,WISE,4651570
51197,VA,WYTHE,1756450
51199,VA,YORK,889090
78010,VI,SAINT CROIX,254020
78020,VI,SAINT JOHN,24700
78030,VI,SAINT THOMAS,294250
50001,VT,ADDISON,856050
50003,VT,BENNINGTON,1167540
50005,VT,CALEDONIA,798200
50007,VT,CHITTENDEN,4500560
50009,VT,ESSEX,10400
50011,VT,FRANKLIN,1544900
50013,VT,GRAND ISLE,56430
50015,VT,LAMOILLE,775380
50017,VT,ORANGE,404900
50019,VT,ORLEANS,679760
50021,VT,RUTLAND,1634720
50023,VT,WASHINGTON,1745730
50025,VT,WINDHAM,1664870
50027,VT,WINDSOR,1266960
53001,WA,ADAMS,451600
53003,WA,ASOTIN,1013180
53005,WA,BENTON,6245360
53007,WA,CHELAN,3102000
53009,WA,CLALLAM,5325800
53011,WA,CLARK,19456740
53013,WA,COLUMBIA,121100
53015,WA,COWLITZ,6576700
53017,WA,DOUGLAS,1074400
53019,WA,FERRY,294200
53021,WA,FRANKLIN,1740910
53023,WA,GARFIELD,149440
53025,WA,GRANT,3494820
53027,WA,GRAYS HARBOR,4115200
53029,WA,ISLAND,2094140
53031,WA,JEFFERSON,793530
53033,WA,KING,65146897.5
53035,WA,KITSAP,8488050
53037,WA,KITTITAS,1140350
53039,WA,KLICKITAT,371130
53041,WA,LEWIS,4749100
53043,WA,LINCOLN,467800
53045,WA,MASON,2191500
53047,WA,OKANOGAN,2033040
53049,WA,PACIFIC,1409190
53051,WA,PEND OREILLE,1008800
53053,WA,PIERCE,30001420
53055,WA,SAN JUAN,449100
53057,WA,SKAGIT,5588510
53059,WA,SKAMANIA,350600
53061,WA,SNOHOMISH,31144490
53063,WA,SPOKANE,23603340
53065,WA,STEVENS,2670610
53067,WA,THURSTON,8550060
53069,WA,WAHKIAKUM,143800
53071,WA,WALLA WALLA,2431600
53073,WA,WHATCOM,6682770
53075,WA,WHITMAN,1031800
53077,WA,YAKIMA,7284490
55001,WI,ADAMS,481500
55003,WI,ASHLAND,599040
55005,WI,BARRON,1238530
55007,WI,BAYFIELD,69500
55009,WI,BROWN,6363585
55011,WI,BUFFALO,94100
55013,WI,BURNETT,476300
55015,WI,CALUMET,324200
55017,WI,CHIPPEWA,1347234
55019,WI,CLARK,341750
55021,WI,COLUMBIA,2784620
55023,WI,CRAWFORD,552400
55025,WI,DANE,15276490
55027,WI,DODGE,1987100
55029,WI,DOOR,821860
55031,WI,DOUGLAS,1955500
55033,WI,DUNN,663250
55035,WI,EAU CLAIRE,2553960
55039,WI,FOND DU LAC,2509010
55041,WI,FOREST,229100
55043,WI,GRANT,812090
55045,WI,GREEN,841970
55047,WI,GREEN LAKE,550180
55049,WI,IOWA,611960
55051,WI,IRON,140050
55053,WI,JACKSON,512640
55055,WI,JEFFERSON,2136420
55057,WI,JUNEAU,1280500
55059,WI,KENOSHA,4751620
55061,WI,KEWAUNEE,237560
55063,WI,LA CROSSE,4421920
55065,WI,LAFAYETTE,85900
55067,WI,LANGLADE,725800
55069,WI,LINCOLN,805400
55071,WI,MANITOWOC,2172280
55073,WI,MARATHON,2892670
55075,WI,MARINETTE,1752100
55077,WI,MARQUETTE,234800
55079,WI,MILWAUKEE,40241485
55081,WI,MONROE,1230500
55083,WI,OCONTO,705660
55085,WI,ONEIDA,1696030
55087,WI,OUTAGAMIE,4361925
55089,WI,OZAUKEE,2111925
55091,WI,PEPIN,124590
55093,WI,PIERCE,589260
55095,WI,POLK,999340
55097,WI,PORTAGE,1356990
55099,WI,PRICE,460500
55101,WI,RACINE,6497760
55103,WI,RICHLAND,535430
55105,WI,ROCK,6119440
55107,WI,RUSK,319500
55109,WI,SAINT CROIX,1547480
55111,WI,SAUK,2779890
55113,WI,SAWYER,572860
55115,WI,SHAWANO,1007320
55117,WI,SHEBOYGAN,3378020
55119,WI,TAYLOR,344500
55121,WI,TREMPEALEAU,651680
55123,WI,VERNON,657300
55125,WI,VILAS,615600
55127,WI,WALWORTH,2920530
55129,WI,WASHBURN,507700
55131,WI,WASHINGTON,3800950
55133,WI,WAUKESHA,11996520
55135,WI,WAUPACA,1473330
55137,WI,WAUSHARA,335900
55139,WI,WINNEBAGO,3923800
55141,WI,WOOD,2484800
54001,WV,BARBOUR,766200
54003,WV,BERKELEY,4120120
54005,WV,BOONE,2695220
54007,WV,BRAXTON,822400
54009,WV,BROOKE,1310140
54011,WV,CABELL,9641290
54013,WV,CALHOUN,138900
54015,WV,CLAY,319300
54017,WV,DODDRIDGE,114700
54019,WV,FAYETTE,2900860
54021,WV,GILMER,296600
54023,WV,GRANT,710600
54025,WV,GREENBRIER,2899400
54027,WV,HAMPSHIRE,670100
54029,WV,HANCOCK,2517980
54031,WV,HARDY,731300
54033,WV,HARRISON,5579460
54035,WV,JACKSON,1631820
54037,WV,JEFFERSON,2095890
54039,WV,KANAWHA,12333810
54041,WV,LEWIS,1026400
54043,WV,LINCOLN,1099890
54045,WV,LOGAN,6841750
54049,WV,MARION,3326760
54051,WV,MARSHALL,2521720
54053,WV,MASON,2161830
54047,WV,MCDOWELL,2149730
54055,WV,MERCER,4319100
54057,WV,MINERAL,1210110
54059,WV,MINGO,9795100
54061,WV,MONONGALIA,3573330
54063,WV,MONROE,458500
54065,WV,MORGAN,752600
54067,WV,NICHOLAS,2408050
54069,WV,OHIO,2078020
54071,WV,PENDLETON,202500
54073,WV,PLEASANTS,399300
54075,WV,POCAHONTAS,417700
54077,WV,PRESTON,780400
54079,WV,PUTNAM,2774320
54081,WV,RALEIGH,6712120
54083,WV,RANDOLPH,1481830
54085,WV,RITCHIE,331000
54087,WV,ROANE,681330
54089,WV,SUMMERS,581420
54091,WV,TAYLOR,591700
54093,WV,TUCKER,115000
54095,WV,TYLER,322630
54097,WV,UPSHUR,763300
54099,WV,WAYNE,2066190
54101,WV,WEBSTER,404700
54103,WV,WETZEL,1212960
54105,WV,WIRT,96000
54107,WV,WOOD,5555260
54109,WV,WYOMING,2249120
56001,WY,ALBANY,557030
56003,WY,BIG HORN,516180
56005,WY,CAMPBELL,1468600
56007,WY,CARBON,342300
56009,WY,CONVERSE,388200
56011,WY,CROOK,32400
56013,WY,FREMONT,1032100
56015,WY,GOSHEN,292500
56017,WY,HOT SPRINGS,242040
56019,WY,JOHNSON,174700
56021,WY,LARAMIE,2497780
56023,WY,LINCOLN,572200
56025,WY,NATRONA,2581440
56027,WY,NIOBRARA,64400
56029,WY,PARK,1297370
56031,WY,PLATTE,284440
56033,WY,SHERIDAN,968140
56035,WY,SUBLETTE,223900
56037,WY,SWEETWATER,1077300
56039,WY,TETON,390800
56041,WY,UINTA,766400
56043,WY,WASHAKIE,404400
56045,WY,WESTON,255000
