county_id,state,county,2006
01001,AL,Autauga,51328.0
01003,AL,Baldwin,168121.0
01005,AL,Barbour,27861.0
01007,AL,Bibb,22099.0
01009,AL,Blount,55485.0
01011,AL,Bullock,10776.0
01013,AL,Butler,20815.0
01015,AL,Calhoun,115388.0
01017,AL,Chambers,34945.0
01019,AL,Cherokee,25466.0
01021,AL,Chilton,42318.0
01023,AL,Choctaw,14431.0
01025,AL,Clarke,26755.0
01027,AL,Clay,14053.0
01029,AL,Cleburne,14538.0
01031,AL,Coffee,46228.0
01033,AL,Colbert,54413.0
01035,AL,Conecuh,13603.0
01037,AL,Coosa,11451.0
01039,AL,Covington,37441.0
01041,AL,Crenshaw,13880.0
01043,AL,Cullman,79044.0
01045,AL,Dale,49077.0
01047,AL,Dallas,44323.0
01049,AL,DeKalb,68495.0
01051,AL,Elmore,75246.0
01053,AL,Escambia,37673.0
01055,AL,Etowah,103528.0
01057,AL,Fayette,17767.0
01059,AL,Franklin,31134.0
01061,AL,Geneva,26271.0
01063,AL,Greene,9361.0
01065,AL,Hale,16427.0
01067,AL,Henry,16953.0
01069,AL,Houston,95846.0
01071,AL,Jackson,53483.0
01073,AL,Jefferson,655893.0
01075,AL,Lamar,14816.0
01077,AL,Lauderdale,90294.0
01079,AL,Lawrence,34028.0
01081,AL,Lee,129247.0
01083,AL,Limestone,73651.0
01085,AL,Lowndes,12124.0
01087,AL,Macon,22227.0
01089,AL,Madison,309170.0
01091,AL,Marengo,21531.0
01093,AL,Marion,30779.0
01095,AL,Marshall,88209.0
01097,AL,Mobile,402916.0
01099,AL,Monroe,23602.0
01101,AL,Montgomery,227291.0
01103,AL,Morgan,115491.0
01105,AL,Perry,10677.0
01107,AL,Pickens,20128.0
01109,AL,Pike,31309.0
01111,AL,Randolph,22695.0
01113,AL,Russell,50459.0
01115,AL,St. Clair,75948.0
01117,AL,Shelby,178841.0
01119,AL,Sumter,14059.0
01121,AL,Talladega,81991.0
01123,AL,Tallapoosa,41243.0
01125,AL,Tuscaloosa,181383.0
01127,AL,Walker,68234.0
01129,AL,Washington,17705.0
01131,AL,Wilcox,12221.0
01133,AL,Winston,24796.0
02013,AK,Aleutians East ,2794.0
02016,AK,Aleutians West Cens,5658.0
02020,AK,Anchorage ,280085.0
02050,AK,Bethel Cens,16755.0
02060,AK,Bristol Bay ,1111.0
02068,AK,Denali ,1837.0
02070,AK,Dillingham Cens,4833.0
02090,AK,Fairbanks North Star ,90545.0
02100,AK,Haines ,2300.0
02105,AK,Hoonah-Angoon Cens,0
02110,AK,Juneau ,30808.0
02122,AK,Kenai Peninsula ,52253.0
02130,AK,Ketchikan Gateway ,13492.0
02150,AK,Kodiak Island ,13184.0
02164,AK,Lake and Peninsula ,1624.0
02170,AK,Matanuska-Susitna ,78633.0
02180,AK,Nome Cens,9235.0
02185,AK,North Slope ,8315.0
02188,AK,Northwest Arctic ,7467.0
02195,AK,Petersburg Borough/Cens,0
02198,AK,Prince of Wales-Hyder Cens,0
02201,AK,Prince of Wales-Outer Ketchikan Cens,5574.0
02220,AK,Sitka ,9046.0
02230,AK,Skagway Munic,0
02232,AK,Skagway-Hoonah-Angoon Cens,3217.0
02240,AK,Southeast Fairbanks Cens,6817.0
02261,AK,Valdez-Cordova Cens,9828.0
02270,AK,Wade Hampton Cens,7292.0
02275,AK,Wrangell City and ,0
02280,AK,Wrangell-Petersburg Cens,6195.0
02282,AK,Yakutat ,642.0
02290,AK,Yukon-Koyukuk Cens,5762.0
04001,AZ,Apache,69390.0
04003,AZ,Cochise,127241.0
04005,AZ,Coconino,128695.0
04007,AZ,Gila,52541.0
04009,AZ,Graham,33701.0
04011,AZ,Greenlee,7838.0
04012,AZ,La Paz,20573.0
04013,AZ,Maricopa,3642884.0
04015,AZ,Mohave,196168.0
04017,AZ,Navajo,105624.0
04019,AZ,Pima,940930.0
04021,AZ,Pinal,271328.0
04023,AZ,Santa Cruz,44298.0
04025,AZ,Yavapai,204082.0
04027,AZ,Yuma,183848.0
05001,AR,Arkansas,19785.0
05003,AR,Ashley,22501.0
05005,AR,Baxter,40867.0
05007,AR,Benton,195569.0
05009,AR,Boone,36056.0
05011,AR,Bradley,11778.0
05013,AR,Calhoun,5693.0
05015,AR,Carroll,26615.0
05017,AR,Chicot,12516.0
05019,AR,Clark,22924.0
05021,AR,Clay,16679.0
05023,AR,Cleburne,25430.0
05025,AR,Cleveland,8829.0
05027,AR,Columbia,25133.0
05029,AR,Conway,20753.0
05031,AR,Craighead,89725.0
05033,AR,Crawford,59126.0
05035,AR,Crittenden,50360.0
05037,AR,Cross,18525.0
05039,AR,Dallas,8477.0
05041,AR,Desha,13870.0
05043,AR,Drew,18705.0
05045,AR,Faulkner,102969.0
05047,AR,Franklin,18151.0
05049,AR,Fulton,12119.0
05051,AR,Garland,94077.0
05053,AR,Grant,17442.0
05055,AR,Greene,40469.0
05057,AR,Hempstead,22957.0
05059,AR,Hot Spring,32248.0
05061,AR,Howard,13843.0
05063,AR,Independence,35426.0
05065,AR,Izard,13583.0
05067,AR,Jackson,18092.0
05069,AR,Jefferson,79977.0
05071,AR,Johnson,24596.0
05073,AR,Lafayette,7879.0
05075,AR,Lawrence,17193.0
05077,AR,Lee,11067.0
05079,AR,Lincoln,14315.0
05081,AR,Little River,13147.0
05083,AR,Logan,22689.0
05085,AR,Lonoke,62648.0
05087,AR,Madison,15156.0
05089,AR,Marion,16759.0
05091,AR,Miller,42669.0
05093,AR,Mississippi,46983.0
05095,AR,Monroe,8949.0
05097,AR,Montgomery,9437.0
05099,AR,Nevada,9383.0
05101,AR,Newton,8474.0
05103,AR,Ouachita,26656.0
05105,AR,Perry,10352.0
05107,AR,Phillips,23244.0
05109,AR,Pike,11262.0
05111,AR,Poinsett,24904.0
05113,AR,Polk,20422.0
05115,AR,Pope,58809.0
05117,AR,Prairie,8989.0
05119,AR,Pulaski,371647.0
05121,AR,Randolph,18185.0
05123,AR,St. Francis,28496.0
05125,AR,Saline,96661.0
05127,AR,Scott,11239.0
05129,AR,Searcy,8210.0
05131,AR,Sebastian,121492.0
05133,AR,Sevier,16273.0
05135,AR,Sharp,17629.0
05137,AR,Stone,12262.0
05139,AR,Union,42914.0
05141,AR,Van Buren,17027.0
05143,AR,Washington,190314.0
05145,AR,White,72728.0
05147,AR,Woodruff,7877.0
05149,AR,Yell,21556.0
06001,CA,Alameda,1444484.0
06003,CA,Alpine,1276.0
06005,CA,Amador,38353.0
06007,CA,Butte,216824.0
06009,CA,Calaveras,46045.0
06011,CA,Colusa,20890.0
06013,CA,Contra Costa,1000834.0
06015,CA,Del Norte,28211.0
06017,CA,El Dorado,176773.0
06019,CA,Fresno,883862.0
06021,CA,Glenn,27652.0
06023,CA,Humboldt,132093.0
06025,CA,Imperial,160505.0
06027,CA,Inyo,18370.0
06029,CA,Kern,784511.0
06031,CA,Kings,147712.0
06033,CA,Lake,64202.0
06035,CA,Lassen,34605.0
06037,CA,Los Angeles,9737955.0
06039,CA,Madera,143622.0
06041,CA,Marin,244580.0
06043,CA,Mariposa,18219.0
06045,CA,Mendocino,87345.0
06047,CA,Merced,245338.0
06049,CA,Modoc,9617.0
06051,CA,Mono,13743.0
06053,CA,Monterey,401831.0
06055,CA,Napa,131440.0
06057,CA,Nevada,97549.0
06059,CA,Orange,2932261.0
06061,CA,Placer,321934.0
06063,CA,Plumas,20762.0
06065,CA,Riverside,2012370.0
06067,CA,Sacramento,1369563.0
06069,CA,San Benito,54124.0
06071,CA,San Bernardino,1974140.0
06073,CA,San Diego,2947289.0
06075,CA,San Francisco,768650.0
06077,CA,San Joaquin,662812.0
06079,CA,San Luis Obispo,260498.0
06081,CA,San Mateo,690176.0
06083,CA,Santa Barbara,408085.0
06085,CA,Santa Clara,1691159.0
06087,CA,Santa Cruz,251616.0
06089,CA,Shasta,176166.0
06091,CA,Sierra,3424.0
06093,CA,Siskiyou,44487.0
06095,CA,Solano,408402.0
06097,CA,Sonoma,465188.0
06099,CA,Stanislaus,504651.0
06101,CA,Sutter,91112.0
06103,CA,Tehama,61587.0
06105,CA,Trinity,13634.0
06107,CA,Tulare,414921.0
06109,CA,Tuolumne,56680.0
06111,CA,Ventura,798183.0
06113,CA,Yolo,189615.0
06115,CA,Yuba,69272.0
08001,CO,Adams,406575.0
08003,CO,Alamosa,15196.0
08005,CO,Arapahoe,531619.0
08007,CO,Archuleta,11937.0
08009,CO,Baca,3933.0
08011,CO,Bent,6012.0
08013,CO,Boulder,284243.0
08014,CO,Broomfield,48729.0
08015,CO,Chaffee,17087.0
08017,CO,Cheyenne,1912.0
08019,CO,Clear Creek,9042.0
08021,CO,Conejos,8256.0
08023,CO,Costilla,3571.0
08025,CO,Crowley,5886.0
08027,CO,Custer,3994.0
08029,CO,Delta,29789.0
08031,CO,Denver,556895.0
08033,CO,Dolores,1973.0
08035,CO,Douglas,256136.0
08037,CO,Eagle,48476.0
08039,CO,Elbert,22423.0
08041,CO,El Paso,580251.0
08043,CO,Fremont,46873.0
08045,CO,Garfield,51594.0
08047,CO,Gilpin,4883.0
08049,CO,Grand,14003.0
08051,CO,Gunnison,14720.0
08053,CO,Hinsdale,815.0
08055,CO,Huerfano,7127.0
08057,CO,Jackson,1415.0
08059,CO,Jefferson,521662.0
08061,CO,Kiowa,1456.0
08063,CO,Kit Carson,8011.0
08065,CO,Lake,7278.0
08067,CO,La Plata,48574.0
08069,CO,Larimer,280713.0
08071,CO,Las Animas,15673.0
08073,CO,Lincoln,5530.0
08075,CO,Logan,21911.0
08077,CO,Mesa,134665.0
08079,CO,Mineral,789.0
08081,CO,Moffat,13115.0
08083,CO,Montezuma,24968.0
08085,CO,Montrose,38282.0
08087,CO,Morgan,27816.0
08089,CO,Otero,19042.0
08091,CO,Ouray,4090.0
08093,CO,Park,16230.0
08095,CO,Phillips,4414.0
08097,CO,Pitkin,15504.0
08099,CO,Prowers,13130.0
08101,CO,Pueblo,152026.0
08103,CO,Rio Blanco,6176.0
08105,CO,Rio Grande,12033.0
08107,CO,Routt,21859.0
08109,CO,Saguache,6223.0
08111,CO,San Juan,649.0
08113,CO,San Miguel,7071.0
08115,CO,Sedgwick,2474.0
08117,CO,Summit,26019.0
08119,CO,Teller,22281.0
08121,CO,Washington,4907.0
08123,CO,Weld,230703.0
08125,CO,Yuma,9784.0
09001,CT,Fairfield,896254.0
09003,CT,Hartford,881298.0
09005,CT,Litchfield,189682.0
09007,CT,Middlesex,163473.0
09009,CT,New Haven,850207.0
09011,CT,New London,270814.0
09013,CT,Tolland,148954.0
09015,CT,Windham,116778.0
10001,DE,Kent,149704.0
10003,DE,New Castle,527174.0
10005,DE,Sussex,182390.0
11001,DC,District of C,570681.0
12001,FL,Alachua,239506.0
12003,FL,Baker,25571.0
12005,FL,Bay,165644.0
12007,FL,Bradford,28506.0
12009,FL,Brevard,535138.0
12011,FL,Broward,1739348.0
12013,FL,Calhoun,13997.0
12015,FL,Charlotte,157099.0
12017,FL,Citrus,137826.0
12019,FL,Clay,178339.0
12021,FL,Collier,312621.0
12023,FL,Columbia,65890.0
12027,FL,DeSoto,34300.0
12029,FL,Dixie,15892.0
12031,FL,Duval,842098.0
12033,FL,Escambia,300395.0
12035,FL,Flagler,84339.0
12037,FL,Franklin,11308.0
12039,FL,Gadsden,45258.0
12041,FL,Gilchrist,16223.0
12043,FL,Glades,12297.0
12045,FL,Gulf,15856.0
12047,FL,Hamilton,14430.0
12049,FL,Hardee,27049.0
12051,FL,Hendry,38776.0
12053,FL,Hernando,164398.0
12055,FL,Highlands,97788.0
12057,FL,Hillsborough,1171826.0
12059,FL,Holmes,19824.0
12061,FL,Indian River,131463.0
12063,FL,Jackson,48265.0
12065,FL,Jefferson,14461.0
12067,FL,Lafayette,8341.0
12069,FL,Lake,281329.0
12071,FL,Lee,582678.0
12073,FL,Leon,263076.0
12075,FL,Levy,39447.0
12077,FL,Liberty,8011.0
12079,FL,Madison,19299.0
12081,FL,Manatee,313771.0
12083,FL,Marion,316310.0
12085,FL,Martin,141802.0
12086,FL,Miami-Dade,2405911.0
12087,FL,Monroe,73793.0
12089,FL,Nassau,67823.0
12091,FL,Okaloosa,184071.0
12093,FL,Okeechobee,39668.0
12095,FL,Orange,1083429.0
12097,FL,Osceola,242081.0
12099,FL,Palm Beach,1284489.0
12101,FL,Pasco,439529.0
12103,FL,Pinellas,924182.0
12105,FL,Polk,568324.0
12107,FL,Putnam,74663.0
12109,FL,St. Johns,168480.0
12111,FL,St. Lucie,255251.0
12113,FL,Santa Rosa,142983.0
12115,FL,Sarasota,371361.0
12117,FL,Seminole,413218.0
12119,FL,Sumter,76202.0
12121,FL,Suwannee,39533.0
12123,FL,Taylor,20793.0
12125,FL,Union,14873.0
12127,FL,Volusia,494748.0
12129,FL,Wakulla,27785.0
12131,FL,Walton,51145.0
12133,FL,Washington,22860.0
13001,GA,Appling,17725.0
13003,GA,Atkinson,8197.0
13005,GA,Bacon,10682.0
13007,GA,Baker,3877.0
13009,GA,Baldwin,46513.0
13011,GA,Banks,17076.0
13013,GA,Barrow,61395.0
13015,GA,Bartow,92983.0
13017,GA,Ben Hill,17525.0
13019,GA,Berrien,18051.0
13021,GA,Bibb,154510.0
13023,GA,Bleckley,12553.0
13025,GA,Brantley,16895.0
13027,GA,Brooks,16309.0
13029,GA,Bryan,27346.0
13031,GA,Bulloch,64304.0
13033,GA,Burke,22875.0
13035,GA,Butts,22669.0
13037,GA,Calhoun,6350.0
13039,GA,Camden,47086.0
13043,GA,Candler,10388.0
13045,GA,Carroll,105853.0
13047,GA,Catoosa,61095.0
13049,GA,Charlton,12089.0
13051,GA,Chatham,246896.0
13053,GA,Chattahoochee,11828.0
13055,GA,Chattooga,25640.0
13057,GA,Cherokee,193241.0
13059,GA,Clarke,112074.0
13061,GA,Clay,3232.0
13063,GA,Clayton,258552.0
13065,GA,Clinch,6828.0
13067,GA,Cobb,661913.0
13069,GA,Coffee,40702.0
13071,GA,Colquitt,43700.0
13073,GA,Columbia,110845.0
13075,GA,Cook,16622.0
13077,GA,Coweta,113749.0
13079,GA,Crawford,12943.0
13081,GA,Crisp,22718.0
13083,GA,Dade,16411.0
13085,GA,Dawson,20660.0
13087,GA,Decatur,27835.0
13089,GA,DeKalb,676687.0
13091,GA,Dodge,20954.0
13093,GA,Dooly,13719.0
13095,GA,Dougherty,94418.0
13097,GA,Douglas,119918.0
13099,GA,Early,11648.0
13101,GA,Echols,3913.0
13103,GA,Effingham,47823.0
13105,GA,Elbert,20631.0
13107,GA,Emanuel,22091.0
13109,GA,Evans,10889.0
13111,GA,Fannin,22758.0
13113,GA,Fayette,104099.0
13115,GA,Floyd,95165.0
13117,GA,Forsyth,147228.0
13119,GA,Franklin,21956.0
13121,GA,Fulton,845181.0
13123,GA,Gilmer,27665.0
13125,GA,Glascock,2893.0
13127,GA,Glynn,74870.0
13129,GA,Gordon,52161.0
13131,GA,Grady,24384.0
13133,GA,Greene,15587.0
13135,GA,Gwinnett,740267.0
13137,GA,Habersham,40616.0
13139,GA,Hall,166524.0
13141,GA,Hancock,9650.0
13143,GA,Haralson,28121.0
13145,GA,Harris,29289.0
13147,GA,Hart,24764.0
13149,GA,Heard,11553.0
13151,GA,Henry,180304.0
13153,GA,Houston,128978.0
13155,GA,Irwin,9852.0
13157,GA,Jackson,54037.0
13159,GA,Jasper,13370.0
13161,GA,Jeff Davis,14028.0
13163,GA,Jefferson,16889.0
13165,GA,Jenkins,8533.0
13167,GA,Johnson,9638.0
13169,GA,Jones,27563.0
13171,GA,Lamar,17115.0
13173,GA,Lanier,8509.0
13175,GA,Laurens,47287.0
13177,GA,Lee,27365.0
13179,GA,Liberty,63047.0
13181,GA,Lincoln,8198.0
13183,GA,Long,12152.0
13185,GA,Lowndes,100592.0
13187,GA,Lumpkin,27300.0
13189,GA,McDuffie,21564.0
13191,GA,McIntosh,12950.0
13193,GA,Macon,14364.0
13195,GA,Madison,27347.0
13197,GA,Marion,8089.0
13199,GA,Meriwether,22694.0
13201,GA,Miller,6104.0
13205,GA,Mitchell,23579.0
13207,GA,Monroe,24924.0
13209,GA,Montgomery,9165.0
13211,GA,Morgan,17316.0
13213,GA,Murray,40173.0
13215,GA,Muscogee,189464.0
13217,GA,Newton,90647.0
13219,GA,Oconee,29720.0
13221,GA,Oglethorpe,14030.0
13223,GA,Paulding,122635.0
13225,GA,Peach,25510.0
13227,GA,Pickens,28169.0
13229,GA,Pierce,17502.0
13231,GA,Pike,16590.0
13233,GA,Polk,40372.0
13235,GA,Pulaski,11183.0
13237,GA,Putnam,20368.0
13239,GA,Quitman,2545.0
13241,GA,Rabun,16090.0
13243,GA,Randolph,7786.0
13245,GA,Richmond,196449.0
13247,GA,Rockdale,79911.0
13249,GA,Schley,4374.0
13251,GA,Screven,14884.0
13253,GA,Seminole,8869.0
13255,GA,Spalding,61971.0
13257,GA,Stephens,25488.0
13259,GA,Stewart,5627.0
13261,GA,Sumter,32785.0
13263,GA,Talbot,6959.0
13265,GA,Taliaferro,1863.0
13267,GA,Tattnall,23417.0
13269,GA,Taylor,8798.0
13271,GA,Telfair,15401.0
13273,GA,Terrell,9969.0
13275,GA,Thomas,43901.0
13277,GA,Tift,39503.0
13279,GA,Toombs,26851.0
13281,GA,Towns,10281.0
13283,GA,Treutlen,6771.0
13285,GA,Troup,63897.0
13287,GA,Turner,9133.0
13289,GA,Twiggs,9715.0
13291,GA,Union,20460.0
13293,GA,Upson,27349.0
13295,GA,Walker,66343.0
13297,GA,Walton,77057.0
13299,GA,Ware,35624.0
13301,GA,Warren,6038.0
13303,GA,Washington,20805.0
13305,GA,Wayne,28929.0
13307,GA,Webster,2630.0
13309,GA,Wheeler,6954.0
13311,GA,White,25575.0
13313,GA,Whitfield,96408.0
13315,GA,Wilcox,8868.0
13317,GA,Wilkes,10586.0
13319,GA,Wilkinson,9793.0
13321,GA,Worth,21783.0
15001,HI,Hawaii,173536.0
15003,HI,Honolulu,926954.0
15005,HI,Kalawao,109.0
15007,HI,Kauai,63465.0
15009,HI,Maui,145667.0
16001,ID,Ada,363498.0
16003,ID,Adams,3788.0
16005,ID,Bannock,78491.0
16007,ID,Bear Lake,6071.0
16009,ID,Benewah,9260.0
16011,ID,Bingham,43396.0
16013,ID,Blaine,21082.0
16015,ID,Boise,7151.0
16017,ID,Bonner,40127.0
16019,ID,Bonneville,94756.0
16021,ID,Boundary,10530.0
16023,ID,Butte,2786.0
16025,ID,Camas,1073.0
16027,ID,Canyon,172188.0
16029,ID,Caribou,6886.0
16031,ID,Cassia,21281.0
16033,ID,Clark,947.0
16035,ID,Clearwater,8776.0
16037,ID,Custer,4155.0
16039,ID,Elmore,25927.0
16041,ID,Franklin,12085.0
16043,ID,Fremont,12770.0
16045,ID,Gem,16632.0
16047,ID,Gooding,14749.0
16049,ID,Idaho,15638.0
16051,ID,Jefferson,22439.0
16053,ID,Jerome,20111.0
16055,ID,Kootenai,129510.0
16057,ID,Latah,36251.0
16059,ID,Lemhi,7795.0
16061,ID,Lewis,3712.0
16063,ID,Lincoln,4762.0
16065,ID,Madison,34984.0
16067,ID,Minidoka,19046.0
16069,ID,Nez Perce,38513.0
16071,ID,Oneida,4146.0
16073,ID,Owyhee,11114.0
16075,ID,Payette,21916.0
16077,ID,Power,7564.0
16079,ID,Shoshone,13014.0
16081,ID,Teton,8270.0
16083,ID,Twin Falls,71974.0
16085,ID,Valley,9480.0
16087,ID,Washington,10025.0
17001,IL,Adams,67106.0
17003,IL,Alexander,8730.0
17005,IL,Bond,18004.0
17007,IL,Boone,51797.0
17009,IL,Brown,6875.0
17011,IL,Bureau,35183.0
17013,IL,Calhoun,5174.0
17015,IL,Carroll,15866.0
17017,IL,Cass,13611.0
17019,IL,Champaign,193844.0
17021,IL,Christian,35076.0
17023,IL,Clark,16669.0
17025,IL,Clay,14061.0
17027,IL,Clinton,37051.0
17029,IL,Coles,53359.0
17031,IL,Cook,5165495.0
17033,IL,Crawford,19966.0
17035,IL,Cumberland,11103.0
17037,IL,DeKalb,101437.0
17039,IL,De Witt,16792.0
17041,IL,Douglas,20111.0
17043,IL,DuPage,908685.0
17045,IL,Edgar,18986.0
17047,IL,Edwards,6694.0
17049,IL,Effingham,34289.0
17051,IL,Fayette,21925.0
17053,IL,Ford,14096.0
17055,IL,Franklin,39560.0
17057,IL,Fulton,37387.0
17059,IL,Gallatin,5980.0
17061,IL,Greene,14167.0
17063,IL,Grundy,46534.0
17065,IL,Hamilton,8497.0
17067,IL,Hancock,19412.0
17069,IL,Hardin,4508.0
17071,IL,Henderson,7614.0
17073,IL,Henry,50392.0
17075,IL,Iroquois,30308.0
17077,IL,Jackson,60170.0
17079,IL,Jasper,9807.0
17081,IL,Jefferson,39545.0
17083,IL,Jersey,22736.0
17085,IL,Jo Daviess,22828.0
17087,IL,Johnson,12889.0
17089,IL,Kane,485179.0
17091,IL,Kankakee,109735.0
17093,IL,Kendall,90740.0
17095,IL,Knox,53196.0
17097,IL,Lake,689891.0
17099,IL,LaSalle,113139.0
17101,IL,Lawrence,16730.0
17103,IL,Lee,35905.0
17105,IL,Livingston,38978.0
17107,IL,Logan,30562.0
17109,IL,McDonough,32868.0
17111,IL,McHenry,300630.0
17113,IL,McLean,162925.0
17115,IL,Macon,110808.0
17117,IL,Macoupin,48176.0
17119,IL,Madison,266164.0
17121,IL,Marion,40037.0
17123,IL,Marshall,12896.0
17125,IL,Mason,15153.0
17127,IL,Massac,15397.0
17129,IL,Menard,12570.0
17131,IL,Mercer,16642.0
17133,IL,Monroe,31644.0
17135,IL,Montgomery,30378.0
17137,IL,Morgan,35966.0
17139,IL,Moultrie,14565.0
17141,IL,Ogle,53358.0
17143,IL,Peoria,183446.0
17145,IL,Perry,22692.0
17147,IL,Piatt,16682.0
17149,IL,Pike,16632.0
17151,IL,Pope,4397.0
17153,IL,Pulaski,6434.0
17155,IL,Putnam,5931.0
17157,IL,Randolph,33688.0
17159,IL,Richland,16171.0
17161,IL,Rock Island,147131.0
17163,IL,St. Clair,263445.0
17165,IL,Saline,25482.0
17167,IL,Sangamon,193317.0
17169,IL,Schuyler,7513.0
17171,IL,Scott,5392.0
17173,IL,Shelby,22379.0
17175,IL,Stark,6156.0
17177,IL,Stephenson,47917.0
17179,IL,Tazewell,131804.0
17181,IL,Union,18082.0
17183,IL,Vermilion,82715.0
17185,IL,Wabash,12354.0
17187,IL,Warren,17839.0
17189,IL,Washington,15008.0
17191,IL,Wayne,16829.0
17193,IL,White,14942.0
17195,IL,Whiteside,59033.0
17197,IL,Will,650779.0
17199,IL,Williamson,64424.0
17201,IL,Winnebago,289405.0
17203,IL,Woodford,37385.0
18001,IN,Adams,33887.0
18003,IN,Allen,346314.0
18005,IN,Bartholomew,74508.0
18007,IN,Benton,8871.0
18009,IN,Blackford,13161.0
18011,IN,Boone,52750.0
18013,IN,Brown,15329.0
18015,IN,Carroll,20179.0
18017,IN,Cass,39255.0
18019,IN,Clark,104148.0
18021,IN,Clay,27096.0
18023,IN,Clinton,33298.0
18025,IN,Crawford,11008.0
18027,IN,Daviess,30469.0
18029,IN,Dearborn,48879.0
18031,IN,Decatur,25469.0
18033,IN,De Kalb,41594.0
18035,IN,Delaware,117326.0
18037,IN,Dubois,41589.0
18039,IN,Elkhart,195047.0
18041,IN,Fayette,24508.0
18043,IN,Floyd,72358.0
18045,IN,Fountain,17459.0
18047,IN,Franklin,23122.0
18049,IN,Fulton,20563.0
18051,IN,Gibson,33429.0
18053,IN,Grant,70448.0
18055,IN,Greene,33223.0
18057,IN,Hamilton,244738.0
18059,IN,Hancock,65402.0
18061,IN,Harrison,37766.0
18063,IN,Hendricks,132350.0
18065,IN,Henry,48375.0
18067,IN,Howard,83943.0
18069,IN,Huntington,37601.0
18071,IN,Jackson,41725.0
18073,IN,Jasper,32419.0
18075,IN,Jay,21564.0
18077,IN,Jefferson,32287.0
18079,IN,Jennings,28320.0
18081,IN,Johnson,130512.0
18083,IN,Knox,38399.0
18085,IN,Kosciusko,76358.0
18087,IN,Lagrange,36613.0
18089,IN,Lake,491432.0
18091,IN,La Porte,109641.0
18093,IN,Lawrence,46165.0
18095,IN,Madison,131240.0
18097,IN,Marion,878515.0
18099,IN,Marshall,46851.0
18101,IN,Martin,10344.0
18103,IN,Miami,37745.0
18105,IN,Monroe,130677.0
18107,IN,Montgomery,38040.0
18109,IN,Morgan,68308.0
18111,IN,Newton,14326.0
18113,IN,Noble,47470.0
18115,IN,Ohio,6022.0
18117,IN,Orange,19666.0
18119,IN,Owen,21871.0
18121,IN,Parke,17376.0
18123,IN,Perry,19202.0
18125,IN,Pike,13016.0
18127,IN,Porter,158595.0
18129,IN,Posey,26348.0
18131,IN,Pulaski,13713.0
18133,IN,Putnam,37768.0
18135,IN,Randolph,26415.0
18137,IN,Ripley,28352.0
18139,IN,Rush,17723.0
18141,IN,St. Joseph,265496.0
18143,IN,Scott,23982.0
18145,IN,Shelby,43812.0
18147,IN,Spencer,20977.0
18149,IN,Starke,23362.0
18151,IN,Steuben,34044.0
18153,IN,Sullivan,21540.0
18155,IN,Switzerland,10151.0
18157,IN,Tippecanoe,163010.0
18159,IN,Tipton,16326.0
18161,IN,Union,7432.0
18163,IN,Vanderburgh,176822.0
18165,IN,Vermillion,16585.0
18167,IN,Vigo,106509.0
18169,IN,Wabash,33665.0
18171,IN,Warren,8625.0
18173,IN,Warrick,56746.0
18175,IN,Washington,28164.0
18177,IN,Wayne,69642.0
18179,IN,Wells,27872.0
18181,IN,White,24830.0
18183,IN,Whitley,32597.0
19001,IA,Adair,7924.0
19003,IA,Adams,4224.0
19005,IA,Allamakee,14378.0
19007,IA,Appanoose,13319.0
19009,IA,Audubon,6265.0
19011,IA,Benton,26137.0
19013,IA,Black Hawk,127486.0
19015,IA,Boone,26471.0
19017,IA,Bremer,24054.0
19019,IA,Buchanan,20957.0
19021,IA,Buena Vista,19909.0
19023,IA,Butler,14931.0
19025,IA,Calhoun,10093.0
19027,IA,Carroll,20832.0
19029,IA,Cass,14021.0
19031,IA,Cedar,18332.0
19033,IA,Cerro Gordo,44531.0
19035,IA,Cherokee,12215.0
19037,IA,Chickasaw,12603.0
19039,IA,Clarke,9196.0
19041,IA,Clay,16812.0
19043,IA,Clayton,18272.0
19045,IA,Clinton,49487.0
19047,IA,Crawford,16868.0
19049,IA,Dallas,56158.0
19051,IA,Davis,8619.0
19053,IA,Decatur,8576.0
19055,IA,Delaware,17957.0
19057,IA,Des Moines,40192.0
19059,IA,Dickinson,16667.0
19061,IA,Dubuque,91258.0
19063,IA,Emmet,10437.0
19065,IA,Fayette,21265.0
19067,IA,Floyd,16586.0
19069,IA,Franklin,10699.0
19071,IA,Fremont,7622.0
19073,IA,Greene,9611.0
19075,IA,Grundy,12436.0
19077,IA,Guthrie,11150.0
19079,IA,Hamilton,16144.0
19081,IA,Hancock,11729.0
19083,IA,Hardin,17893.0
19085,IA,Harrison,15346.0
19087,IA,Henry,20326.0
19089,IA,Howard,9664.0
19091,IA,Humboldt,10038.0
19093,IA,Ida,7247.0
19095,IA,Iowa,16391.0
19097,IA,Jackson,20092.0
19099,IA,Jasper,37288.0
19101,IA,Jefferson,16401.0
19103,IA,Johnson,122226.0
19105,IA,Jones,20678.0
19107,IA,Keokuk,10713.0
19109,IA,Kossuth,16045.0
19111,IA,Lee,36291.0
19113,IA,Linn,202709.0
19115,IA,Louisa,11904.0
19117,IA,Lucas,9331.0
19119,IA,Lyon,11604.0
19121,IA,Madison,15262.0
19123,IA,Mahaska,22298.0
19125,IA,Marion,33396.0
19127,IA,Marshall,39601.0
19129,IA,Mills,15214.0
19131,IA,Mitchell,10836.0
19133,IA,Monona,9479.0
19135,IA,Monroe,7911.0
19137,IA,Montgomery,11179.0
19139,IA,Muscatine,42145.0
19141,IA,O'Brien,14558.0
19143,IA,Osceola,6713.0
19145,IA,Page,16331.0
19147,IA,Palo Alto,9586.0
19149,IA,Plymouth,24982.0
19151,IA,Pocahontas,7694.0
19153,IA,Polk,405990.0
19155,IA,Pottawattamie,90867.0
19157,IA,Poweshiek,19053.0
19159,IA,Ringgold,5230.0
19161,IA,Sac,10707.0
19163,IA,Scott,159597.0
19165,IA,Shelby,12480.0
19167,IA,Sioux,33077.0
19169,IA,Story,84739.0
19171,IA,Tama,18149.0
19173,IA,Taylor,6557.0
19175,IA,Union,12225.0
19177,IA,Van Buren,7660.0
19179,IA,Wapello,35776.0
19181,IA,Warren,44178.0
19183,IA,Washington,21472.0
19185,IA,Wayne,6478.0
19187,IA,Webster,38534.0
19189,IA,Winnebago,11138.0
19191,IA,Winneshiek,21012.0
19193,IA,Woodbury,100693.0
19195,IA,Worth,7649.0
19197,IA,Wright,13588.0
20001,KS,Allen,13639.0
20003,KS,Anderson,8023.0
20005,KS,Atchison,16902.0
20007,KS,Barber,5003.0
20009,KS,Barton,27460.0
20011,KS,Bourbon,14990.0
20013,KS,Brown,10111.0
20015,KS,Butler,63571.0
20017,KS,Chase,2949.0
20019,KS,Chautauqua,3836.0
20021,KS,Cherokee,21855.0
20023,KS,Cheyenne,2866.0
20025,KS,Clark,2252.0
20027,KS,Clay,8458.0
20029,KS,Cloud,9560.0
20031,KS,Coffey,8652.0
20033,KS,Comanche,1842.0
20035,KS,Cowley,35787.0
20037,KS,Crawford,38855.0
20039,KS,Decatur,3107.0
20041,KS,Dickinson,19429.0
20043,KS,Doniphan,7936.0
20045,KS,Douglas,107187.0
20047,KS,Edwards,3078.0
20049,KS,Elk,2971.0
20051,KS,Ellis,27653.0
20053,KS,Ellsworth,6465.0
20055,KS,Finney,36259.0
20057,KS,Ford,32029.0
20059,KS,Franklin,25716.0
20061,KS,Geary,27708.0
20063,KS,Gove,2824.0
20065,KS,Graham,2751.0
20067,KS,Grant,7707.0
20069,KS,Gray,5838.0
20071,KS,Greeley,1262.0
20073,KS,Greenwood,6944.0
20075,KS,Hamilton,2583.0
20077,KS,Harper,6049.0
20079,KS,Harvey,33659.0
20081,KS,Haskell,4182.0
20083,KS,Hodgeman,2027.0
20085,KS,Jackson,13356.0
20087,KS,Jefferson,19005.0
20089,KS,Jewell,3264.0
20091,KS,Johnson,514813.0
20093,KS,Kearny,4052.0
20095,KS,Kingman,8119.0
20097,KS,Kiowa,3039.0
20099,KS,Labette,21929.0
20101,KS,Lane,1780.0
20103,KS,Leavenworth,72741.0
20105,KS,Lincoln,3360.0
20107,KS,Linn,10013.0
20109,KS,Logan,2808.0
20111,KS,Lyon,35832.0
20113,KS,McPherson,29174.0
20115,KS,Marion,12804.0
20117,KS,Marshall,10171.0
20119,KS,Meade,4531.0
20121,KS,Miami,31180.0
20123,KS,Mitchell,6382.0
20125,KS,Montgomery,35246.0
20127,KS,Morris,5929.0
20129,KS,Morton,3285.0
20131,KS,Nemaha,10345.0
20133,KS,Neosho,16479.0
20135,KS,Ness,3135.0
20137,KS,Norton,5748.0
20139,KS,Osage,16633.0
20141,KS,Osborne,3998.0
20143,KS,Ottawa,6108.0
20145,KS,Pawnee,6889.0
20147,KS,Phillips,5573.0
20149,KS,Pottawatomie,19720.0
20151,KS,Pratt,9658.0
20153,KS,Rawlins,2663.0
20155,KS,Reno,63822.0
20157,KS,Republic,5159.0
20159,KS,Rice,10224.0
20161,KS,Riley,66928.0
20163,KS,Rooks,5322.0
20165,KS,Rush,3294.0
20167,KS,Russell,6894.0
20169,KS,Saline,54478.0
20171,KS,Scott,4738.0
20173,KS,Sedgwick,471659.0
20175,KS,Seward,22246.0
20177,KS,Shawnee,172986.0
20179,KS,Sheridan,2585.0
20181,KS,Sherman,5979.0
20183,KS,Smith,4052.0
20185,KS,Stafford,4440.0
20187,KS,Stanton,2212.0
20189,KS,Stevens,5481.0
20191,KS,Sumner,24493.0
20193,KS,Thomas,7726.0
20195,KS,Trego,2991.0
20197,KS,Wabaunsee,6845.0
20199,KS,Wallace,1527.0
20201,KS,Washington,5950.0
20203,KS,Wichita,2287.0
20205,KS,Wilson,9747.0
20207,KS,Woodson,3440.0
20209,KS,Wyandotte,153689.0
21001,KY,Adair,18335.0
21003,KY,Allen,19272.0
21005,KY,Anderson,20519.0
21007,KY,Ballard,8204.0
21009,KY,Barren,40857.0
21011,KY,Bath,11558.0
21013,KY,Bell,28960.0
21015,KY,Boone,109295.0
21017,KY,Bourbon,19809.0
21019,KY,Boyd,49312.0
21021,KY,Boyle,28031.0
21023,KY,Bracken,8484.0
21025,KY,Breathitt,14549.0
21027,KY,Breckinridge,19590.0
21029,KY,Bullitt,70042.0
21031,KY,Butler,12925.0
21033,KY,Caldwell,12828.0
21035,KY,Calloway,36375.0
21037,KY,Campbell,88036.0
21039,KY,Carlisle,5212.0
21041,KY,Carroll,10528.0
21043,KY,Carter,27921.0
21045,KY,Casey,15900.0
21047,KY,Christian,70592.0
21049,KY,Clark,34823.0
21051,KY,Clay,22718.0
21053,KY,Clinton,9942.0
21055,KY,Crittenden,9264.0
21057,KY,Cumberland,7073.0
21059,KY,Daviess,93908.0
21061,KY,Edmonson,11957.0
21063,KY,Elliott,7151.0
21065,KY,Estill,14786.0
21067,KY,Fayette,279971.0
21069,KY,Fleming,14235.0
21071,KY,Floyd,40429.0
21073,KY,Franklin,48699.0
21075,KY,Fulton,6871.0
21077,KY,Gallatin,8253.0
21079,KY,Garrard,16595.0
21081,KY,Grant,24253.0
21083,KY,Graves,36859.0
21085,KY,Grayson,25294.0
21087,KY,Green,11454.0
21089,KY,Greenup,36827.0
21091,KY,Hancock,8542.0
21093,KY,Hardin,97539.0
21095,KY,Harlan,30113.0
21097,KY,Harrison,18483.0
21099,KY,Hart,18109.0
21101,KY,Henderson,45633.0
21103,KY,Henry,15475.0
21105,KY,Hickman,5002.0
21107,KY,Hopkins,46727.0
21109,KY,Jackson,13577.0
21111,KY,Jefferson,715149.0
21113,KY,Jessamine,45024.0
21115,KY,Johnson,23382.0
21117,KY,Kenton,155557.0
21119,KY,Knott,16837.0
21121,KY,Knox,31599.0
21123,KY,Larue,13934.0
21125,KY,Laurel,57239.0
21127,KY,Lawrence,15766.0
21129,KY,Lee,7850.0
21131,KY,Leslie,11642.0
21133,KY,Letcher,24534.0
21135,KY,Lewis,14010.0
21137,KY,Lincoln,24838.0
21139,KY,Livingston,9594.0
21141,KY,Logan,26768.0
21143,KY,Lyon,8434.0
21145,KY,McCracken,64678.0
21147,KY,McCreary,17892.0
21149,KY,McLean,9702.0
21151,KY,Madison,80264.0
21153,KY,Magoffin,13258.0
21155,KY,Marion,19392.0
21157,KY,Marshall,31204.0
21159,KY,Martin,13371.0
21161,KY,Mason,17138.0
21163,KY,Meade,29397.0
21165,KY,Menifee,6567.0
21167,KY,Mercer,21181.0
21169,KY,Metcalfe,10123.0
21171,KY,Monroe,11337.0
21173,KY,Montgomery,25085.0
21175,KY,Morgan,14174.0
21177,KY,Muhlenberg,31595.0
21179,KY,Nelson,41424.0
21181,KY,Nicholas,7147.0
21183,KY,Ohio,23658.0
21185,KY,Oldham,56329.0
21187,KY,Owen,10886.0
21189,KY,Owsley,4743.0
21191,KY,Pendleton,14972.0
21193,KY,Perry,28829.0
21195,KY,Pike,65632.0
21197,KY,Powell,12943.0
21199,KY,Pulaski,60752.0
21201,KY,Robertson,2309.0
21203,KY,Rockcastle,16974.0
21205,KY,Rowan,22706.0
21207,KY,Russell,17232.0
21209,KY,Scott,41924.0
21211,KY,Shelby,39283.0
21213,KY,Simpson,17115.0
21215,KY,Spencer,15638.0
21217,KY,Taylor,23971.0
21219,KY,Todd,12092.0
21221,KY,Trigg,13780.0
21223,KY,Trimble,8856.0
21225,KY,Union,15246.0
21227,KY,Warren,105170.0
21229,KY,Washington,11456.0
21231,KY,Wayne,20547.0
21233,KY,Webster,13875.0
21235,KY,Whitley,36149.0
21237,KY,Wolfe,7256.0
21239,KY,Woodford,24134.0
22001,LA,Acadia,60522.0
22003,LA,Allen,25692.0
22005,LA,Ascension,96421.0
22007,LA,Assumption,23477.0
22009,LA,Avoyelles,42080.0
22011,LA,Beauregard,34510.0
22013,LA,Bienville,14773.0
22015,LA,Bossier,110606.0
22017,LA,Caddo,252740.0
22019,LA,Calcasieu,185350.0
22021,LA,Caldwell,10224.0
22023,LA,Cameron,7719.0
22025,LA,Catahoula,10423.0
22027,LA,Claiborne,17109.0
22029,LA,Concordia,20315.0
22031,LA,De Soto,26175.0
22033,LA,East Baton Rouge,433474.0
22035,LA,East Carroll,8188.0
22037,LA,East Feliciana,20559.0
22039,LA,Evangeline,34839.0
22041,LA,Franklin,20685.0
22043,LA,Grant,21039.0
22045,LA,Iberia,73362.0
22047,LA,Iberville,33519.0
22049,LA,Jackson,15950.0
22051,LA,Jefferson,426285.0
22053,LA,Jefferson Davis,31489.0
22055,LA,Lafayette,209424.0
22057,LA,Lafourche,94385.0
22059,LA,LaSalle,14519.0
22061,LA,Lincoln,44867.0
22063,LA,Livingston,115722.0
22065,LA,Madison,12537.0
22067,LA,Morehouse,29079.0
22069,LA,Natchitoches,38984.0
22071,LA,Orleans,230172.0
22073,LA,Ouachita,151183.0
22075,LA,Plaquemines,22329.0
22077,LA,Pointe Coupee,22754.0
22079,LA,Rapides,130103.0
22081,LA,Red River,9281.0
22083,LA,Richland,20661.0
22085,LA,Sabine,23954.0
22087,LA,St. Bernard,16563.0
22089,LA,St. Charles,52453.0
22091,LA,St. Helena,11089.0
22093,LA,St. James,21964.0
22095,LA,St. John the Baptist,47296.0
22097,LA,St. Landry,85128.0
22099,LA,St. Martin,51044.0
22101,LA,St. Mary,54152.0
22103,LA,St. Tammany,223133.0
22105,LA,Tangipahoa,114102.0
22107,LA,Tensas,5719.0
22109,LA,Terrebonne,109994.0
22111,LA,Union,22919.0
22113,LA,Vermilion,56388.0
22115,LA,Vernon,50781.0
22117,LA,Washington,45157.0
22119,LA,Webster,41331.0
22121,LA,West Baton Rouge,22666.0
22123,LA,West Carroll,11851.0
22125,LA,West Feliciana,15736.0
22127,LA,Winn,15720.0
23001,ME,Androscoggin,107932.0
23003,ME,Aroostook,72827.0
23005,ME,Cumberland,277084.0
23007,ME,Franklin,30528.0
23009,ME,Hancock,54009.0
23011,ME,Kennebec,121508.0
23013,ME,Knox,40417.0
23015,ME,Lincoln,34904.0
23017,ME,Oxford,57556.0
23019,ME,Penobscot,151446.0
23021,ME,Piscataquis,17597.0
23023,ME,Sagadahoc,35895.0
23025,ME,Somerset,52195.0
23027,ME,Waldo,38763.0
23029,ME,Washington,33323.0
23031,ME,York,197635.0
24001,MD,Allegany,73980.0
24003,MD,Anne Arundel,517698.0
24005,MD,Baltimore,793733.0
24009,MD,Calvert,87043.0
24011,MD,Caroline,32214.0
24013,MD,Carroll,166950.0
24015,MD,Cecil,98821.0
24017,MD,Charles,141164.0
24019,MD,Dorchester,31677.0
24021,MD,Frederick,224211.0
24023,MD,Garrett,30147.0
24025,MD,Harford,241163.0
24027,MD,Howard,271793.0
24029,MD,Kent,19786.0
24031,MD,Montgomery,926492.0
24033,MD,Prince George's,852097.0
24035,MD,Queen Anne's,45716.0
24037,MD,St. Mary's,98849.0
24039,MD,Somerset,26139.0
24041,MD,Talbot,37000.0
24043,MD,Washington,144286.0
24045,MD,Wicomico,94621.0
24047,MD,Worcester,50678.0
24510,MD,Baltimo,621109.0
25001,MA,Barnstable,220037.0
25003,MA,Berkshire,131977.0
25005,MA,Bristol,544487.0
25007,MA,Dukes,15768.0
25009,MA,Essex,729455.0
25011,MA,Franklin,71708.0
25013,MA,Hampden,461408.0
25015,MA,Hampshire,156168.0
25017,MA,Middlesex,1456528.0
25019,MA,Nantucket,9811.0
25021,MA,Norfolk,653421.0
25023,MA,Plymouth,486779.0
25025,MA,Suffolk,687192.0
25027,MA,Worcester,785345.0
26001,MI,Alcona,11503.0
26003,MI,Alger,9687.0
26005,MI,Allegan,111156.0
26007,MI,Alpena,30209.0
26009,MI,Antrim,24278.0
26011,MI,Arenac,16968.0
26013,MI,Baraga,8940.0
26015,MI,Barry,59610.0
26017,MI,Bay,108711.0
26019,MI,Benzie,17867.0
26021,MI,Berrien,157537.0
26023,MI,Branch,46805.0
26025,MI,Calhoun,138291.0
26027,MI,Cass,52282.0
26029,MI,Charlevoix,26394.0
26031,MI,Cheboygan,27249.0
26033,MI,Chippewa,39051.0
26035,MI,Clare,31612.0
26037,MI,Clinton,72881.0
26039,MI,Crawford,14597.0
26041,MI,Delta,37898.0
26043,MI,Dickinson,26951.0
26045,MI,Eaton,108364.0
26047,MI,Emmet,32926.0
26049,MI,Genesee,441164.0
26051,MI,Gladwin,26726.0
26053,MI,Gogebic,16552.0
26055,MI,Grand Traverse,84705.0
26057,MI,Gratiot,42714.0
26059,MI,Hillsdale,47499.0
26061,MI,Houghton,35765.0
26063,MI,Huron,34363.0
26065,MI,Ingham,282104.0
26067,MI,Ionia,65157.0
26069,MI,Iosco,26869.0
26071,MI,Iron,12248.0
26073,MI,Isabella,68556.0
26075,MI,Jackson,163387.0
26077,MI,Kalamazoo,244178.0
26079,MI,Kalkaska,17572.0
26081,MI,Kent,595191.0
26083,MI,Keweenaw,2087.0
26085,MI,Lake,11707.0
26087,MI,Lapeer,91691.0
26089,MI,Leelanau,21818.0
26091,MI,Lenawee,101715.0
26093,MI,Livingston,181620.0
26095,MI,Luce,6736.0
26097,MI,Mackinac,11474.0
26099,MI,Macomb,833328.0
26101,MI,Manistee,25201.0
26103,MI,Marquette,66002.0
26105,MI,Mason,28846.0
26107,MI,Mecosta,42876.0
26109,MI,Menominee,24472.0
26111,MI,Midland,83693.0
26113,MI,Missaukee,15043.0
26115,MI,Monroe,153460.0
26117,MI,Montcalm,63806.0
26119,MI,Montmorency,10125.0
26121,MI,Muskegon,173710.0
26123,MI,Newaygo,49287.0
26125,MI,Oakland,1202256.0
26127,MI,Oceana,27484.0
26129,MI,Ogemaw,22003.0
26131,MI,Ontonagon,7241.0
26133,MI,Osceola,23887.0
26135,MI,Oscoda,9090.0
26137,MI,Otsego,24805.0
26139,MI,Ottawa,258003.0
26141,MI,Presque Isle,14006.0
26143,MI,Roscommon,25560.0
26145,MI,Saginaw,205822.0
26147,MI,St. Clair,168312.0
26149,MI,St. Joseph,62236.0
26151,MI,Sanilac,44917.0
26153,MI,Schoolcraft,8946.0
26155,MI,Shiawassee,72839.0
26157,MI,Tuscola,57472.0
26159,MI,Van Buren,77019.0
26161,MI,Washtenaw,344018.0
26163,MI,Wayne,1932490.0
26165,MI,Wexford,32461.0
27001,MN,Aitkin,16357.0
27003,MN,Anoka,323590.0
27005,MN,Becker,32057.0
27007,MN,Beltrami,43066.0
27009,MN,Benton,37617.0
27011,MN,Big Stone,5375.0
27013,MN,Blue Earth,61100.0
27015,MN,Brown,26252.0
27017,MN,Carlton,34538.0
27019,MN,Carver,85657.0
27021,MN,Cass,28754.0
27023,MN,Chippewa,12525.0
27025,MN,Chisago,51444.0
27027,MN,Clay,55072.0
27029,MN,Clearwater,8476.0
27031,MN,Cook,5210.0
27033,MN,Cottonwood,11789.0
27035,MN,Crow Wing,60654.0
27037,MN,Dakota,386228.0
27039,MN,Dodge,19601.0
27041,MN,Douglas,35472.0
27043,MN,Faribault,15150.0
27045,MN,Fillmore,21043.0
27047,MN,Freeborn,31622.0
27049,MN,Goodhue,45598.0
27051,MN,Grant,6127.0
27053,MN,Hennepin,1119507.0
27055,MN,Houston,19506.0
27057,MN,Hubbard,19783.0
27059,MN,Isanti,37183.0
27061,MN,Itasca,44405.0
27063,MN,Jackson,10583.0
27065,MN,Kanabec,16360.0
27067,MN,Kandiyohi,41537.0
27069,MN,Kittson,4746.0
27071,MN,Koochiching,13705.0
27073,MN,Lac qui Parle,7415.0
27075,MN,Lake,10962.0
27077,MN,Lake of the Woods,4321.0
27079,MN,Le Sueur,27480.0
27081,MN,Lincoln,6003.0
27083,MN,Lyon,25347.0
27085,MN,McLeod,36749.0
27087,MN,Mahnomen,5277.0
27089,MN,Marshall,9802.0
27091,MN,Martin,20901.0
27093,MN,Meeker,23402.0
27095,MN,Mille Lacs,25882.0
27097,MN,Morrison,32813.0
27099,MN,Mower,38697.0
27101,MN,Murray,8884.0
27103,MN,Nicollet,31779.0
27105,MN,Nobles,20608.0
27107,MN,Norman,6952.0
27109,MN,Olmsted,137293.0
27111,MN,Otter Tail,57732.0
27113,MN,Pennington,13810.0
27115,MN,Pine,28860.0
27117,MN,Pipestone,9496.0
27119,MN,Polk,31170.0
27121,MN,Pope,11138.0
27123,MN,Ramsey,497158.0
27125,MN,Red Lake,4077.0
27127,MN,Redwood,16119.0
27129,MN,Renville,16374.0
27131,MN,Rice,61899.0
27133,MN,Rock,9502.0
27135,MN,Roseau,16031.0
27137,MN,St. Louis,198357.0
27139,MN,Scott,121013.0
27141,MN,Sherburne,84079.0
27143,MN,Sibley,15164.0
27145,MN,Stearns,144256.0
27147,MN,Steele,36040.0
27149,MN,Stevens,9729.0
27151,MN,Swift,10119.0
27153,MN,Todd,24620.0
27155,MN,Traverse,3795.0
27157,MN,Wabasha,21826.0
27159,MN,Wadena,13705.0
27161,MN,Waseca,19348.0
27163,MN,Washington,225091.0
27165,MN,Watonwan,11323.0
27167,MN,Wilkin,6709.0
27169,MN,Winona,50904.0
27171,MN,Wright,115192.0
27173,MN,Yellow Medicine,10663.0
28001,MS,Adams,33220.0
28003,MS,Alcorn,36183.0
28005,MS,Amite,13586.0
28007,MS,Attala,19431.0
28009,MS,Benton,8479.0
28011,MS,Bolivar,36102.0
28013,MS,Calhoun,14947.0
28015,MS,Carroll,10534.0
28017,MS,Chickasaw,18074.0
28019,MS,Choctaw,8894.0
28021,MS,Claiborne,10358.0
28023,MS,Clarke,16976.0
28025,MS,Clay,21139.0
28027,MS,Coahoma,27441.0
28029,MS,Copiah,29540.0
28031,MS,Covington,19555.0
28033,MS,DeSoto,145220.0
28035,MS,Forrest,73219.0
28037,MS,Franklin,8111.0
28039,MS,George,21382.0
28041,MS,Greene,13135.0
28043,MS,Grenada,22388.0
28045,MS,Hancock,40087.0
28047,MS,Harrison,174449.0
28049,MS,Hinds,248989.0
28051,MS,Holmes,19932.0
28053,MS,Humphreys,9840.0
28055,MS,Issaquena,1649.0
28057,MS,Itawamba,23217.0
28059,MS,Jackson,132717.0
28061,MS,Jasper,17544.0
28063,MS,Jefferson,8241.0
28065,MS,Jefferson Davis,12928.0
28067,MS,Jones,66330.0
28069,MS,Kemper,10533.0
28071,MS,Lafayette,44281.0
28073,MS,Lamar,48850.0
28075,MS,Lauderdale,78063.0
28077,MS,Lawrence,13053.0
28079,MS,Leake,23159.0
28081,MS,Lee,79684.0
28083,MS,Leflore,33862.0
28085,MS,Lincoln,34248.0
28087,MS,Lowndes,59396.0
28089,MS,Madison,87844.0
28091,MS,Marion,26291.0
28093,MS,Marshall,36374.0
28095,MS,Monroe,37454.0
28097,MS,Montgomery,11453.0
28099,MS,Neshoba,29381.0
28101,MS,Newton,21814.0
28103,MS,Noxubee,11875.0
28105,MS,Oktibbeha,45052.0
28107,MS,Panola,34705.0
28109,MS,Pearl River,55153.0
28111,MS,Perry,12098.0
28113,MS,Pike,40241.0
28115,MS,Pontotoc,29098.0
28117,MS,Prentiss,25463.0
28119,MS,Quitman,9008.0
28121,MS,Rankin,134132.0
28123,MS,Scott,28170.0
28125,MS,Sharkey,5510.0
28127,MS,Simpson,27658.0
28129,MS,Smith,16427.0
28131,MS,Stone,15968.0
28133,MS,Sunflower,31464.0
28135,MS,Tallahatchie,15283.0
28137,MS,Tate,27473.0
28139,MS,Tippah,21688.0
28141,MS,Tishomingo,19424.0
28143,MS,Tunica,10723.0
28145,MS,Union,26762.0
28147,MS,Walthall,15594.0
28149,MS,Warren,49440.0
28151,MS,Washington,54325.0
28153,MS,Wayne,21111.0
28155,MS,Webster,10022.0
28157,MS,Wilkinson,10306.0
28159,MS,Winston,19538.0
28161,MS,Yalobusha,12976.0
28163,MS,Yazoo,28714.0
29001,MO,Adair,25007.0
29003,MO,Andrew,16861.0
29005,MO,Atchison,5908.0
29007,MO,Audrain,25869.0
29009,MO,Barry,35756.0
29011,MO,Barton,12972.0
29013,MO,Bates,17193.0
29015,MO,Benton,18749.0
29017,MO,Bollinger,12496.0
29019,MO,Boone,152784.0
29021,MO,Buchanan,86543.0
29023,MO,Butler,42246.0
29025,MO,Caldwell,9343.0
29027,MO,Callaway,43118.0
29029,MO,Camden,41832.0
29031,MO,Cape Girardeau,72941.0
29033,MO,Carroll,9743.0
29035,MO,Carter,6030.0
29037,MO,Cass,94494.0
29039,MO,Cedar,14229.0
29041,MO,Chariton,8013.0
29043,MO,Christian,69394.0
29045,MO,Clark,7206.0
29047,MO,Clay,206369.0
29049,MO,Clinton,20347.0
29051,MO,Cole,73509.0
29053,MO,Cooper,17547.0
29055,MO,Crawford,24373.0
29057,MO,Dade,7974.0
29059,MO,Dallas,16580.0
29061,MO,Daviess,8331.0
29063,MO,DeKalb,12882.0
29065,MO,Dent,15419.0
29067,MO,Douglas,13573.0
29069,MO,Dunklin,32388.0
29071,MO,Franklin,99341.0
29073,MO,Gasconade,15479.0
29075,MO,Gentry,6776.0
29077,MO,Greene,263046.0
29079,MO,Grundy,10187.0
29081,MO,Harrison,8870.0
29083,MO,Henry,22556.0
29085,MO,Hickory,9518.0
29087,MO,Holt,4976.0
29089,MO,Howard,10089.0
29091,MO,Howell,39067.0
29093,MO,Iron,10710.0
29095,MO,Jackson,660539.0
29097,MO,Jasper,112030.0
29099,MO,Jefferson,213105.0
29101,MO,Johnson,51500.0
29103,MO,Knox,4158.0
29105,MO,Laclede,34937.0
29107,MO,Lafayette,33288.0
29109,MO,Lawrence,37779.0
29111,MO,Lewis,10286.0
29113,MO,Lincoln,49117.0
29115,MO,Linn,12928.0
29117,MO,Livingston,14717.0
29119,MO,McDonald,22977.0
29121,MO,Macon,15562.0
29123,MO,Madison,12130.0
29125,MO,Maries,9235.0
29127,MO,Marion,28468.0
29129,MO,Mercer,3668.0
29131,MO,Miller,24759.0
29133,MO,Mississippi,14033.0
29135,MO,Moniteau,15340.0
29137,MO,Monroe,9219.0
29139,MO,Montgomery,12242.0
29141,MO,Morgan,20570.0
29143,MO,New Madrid,18821.0
29145,MO,Newton,56671.0
29147,MO,Nodaway,22698.0
29149,MO,Oregon,10669.0
29151,MO,Osage,13687.0
29153,MO,Ozark,9667.0
29155,MO,Pemiscot,18953.0
29157,MO,Perry,18672.0
29159,MO,Pettis,40937.0
29161,MO,Phelps,44025.0
29163,MO,Pike,18707.0
29165,MO,Platte,83913.0
29167,MO,Polk,30053.0
29169,MO,Pulaski,46482.0
29171,MO,Putnam,5167.0
29173,MO,Ralls,10092.0
29175,MO,Randolph,25480.0
29177,MO,Ray,23842.0
29179,MO,Reynolds,6707.0
29181,MO,Ripley,14049.0
29183,MO,St. Charles,337952.0
29185,MO,St. Clair,9694.0
29186,MO,Ste. Genevieve,18263.0
29187,MO,St. Francois,62917.0
29189,MO,St. Louis,1002050.0
29195,MO,Saline,23008.0
29197,MO,Schuyler,4267.0
29199,MO,Scotland,4823.0
29201,MO,Scott,39626.0
29203,MO,Shannon,8313.0
29205,MO,Shelby,6533.0
29207,MO,Stoddard,30314.0
29209,MO,Stone,31546.0
29211,MO,Sullivan,6783.0
29213,MO,Taney,46200.0
29215,MO,Texas,25385.0
29217,MO,Vernon,20715.0
29219,MO,Warren,30175.0
29221,MO,Washington,24619.0
29223,MO,Wayne,13429.0
29225,MO,Webster,34692.0
29227,MO,Worth,2202.0
29229,MO,Wright,18554.0
29510,MO,St. Lou,320131.0
30001,MT,Beaverhead,9012.0
30003,MT,Big Horn,12540.0
30005,MT,Blaine,6536.0
30007,MT,Broadwater,4958.0
30009,MT,Carbon,9916.0
30011,MT,Carter,1227.0
30013,MT,Cascade,79984.0
30015,MT,Chouteau,5709.0
30017,MT,Custer,11395.0
30019,MT,Daniels,1748.0
30021,MT,Dawson,8853.0
30023,MT,Deer Lodge,9180.0
30025,MT,Fallon,2722.0
30027,MT,Fergus,11501.0
30029,MT,Flathead,85759.0
30031,MT,Gallatin,83984.0
30033,MT,Garfield,1233.0
30035,MT,Glacier,13250.0
30037,MT,Golden Valley,973.0
30039,MT,Granite,3013.0
30041,MT,Hill,15981.0
30043,MT,Jefferson,10801.0
30045,MT,Judith Basin,2146.0
30047,MT,Lake,28283.0
30049,MT,Lewis and Clark,59529.0
30051,MT,Liberty,2216.0
30053,MT,Lincoln,19228.0
30055,MT,McCone,1765.0
30057,MT,Madison,7343.0
30059,MT,Meagher,1923.0
30061,MT,Mineral,4211.0
30063,MT,Missoula,104372.0
30065,MT,Musselshell,4398.0
30067,MT,Park,15690.0
30069,MT,Petroleum,495.0
30071,MT,Phillips,4166.0
30073,MT,Pondera,6172.0
30075,MT,Powder River,1794.0
30077,MT,Powell,7115.0
30079,MT,Prairie,1098.0
30081,MT,Ravalli,39555.0
30083,MT,Richland,9267.0
30085,MT,Roosevelt,10285.0
30087,MT,Rosebud,9057.0
30089,MT,Sanders,11178.0
30091,MT,Sheridan,3507.0
30093,MT,Silver Bow,33441.0
30095,MT,Stillwater,8659.0
30097,MT,Sweet Grass,3697.0
30099,MT,Teton,6110.0
30101,MT,Toole,5085.0
30103,MT,Treasure,759.0
30105,MT,Valley,7272.0
30107,MT,Wheatland,2035.0
30109,MT,Wibaux,984.0
30111,MT,Yellowstone,139582.0
31001,NE,Adams,30910.0
31003,NE,Antelope,6836.0
31005,NE,Arthur,450.0
31007,NE,Banner,733.0
31009,NE,Blaine,493.0
31011,NE,Boone,5623.0
31013,NE,Box Butte,11338.0
31015,NE,Boyd,2143.0
31017,NE,Brown,3319.0
31019,NE,Buffalo,44645.0
31021,NE,Burt,7122.0
31023,NE,Butler,8396.0
31025,NE,Cass,25240.0
31027,NE,Cedar,9060.0
31029,NE,Chase,3965.0
31031,NE,Cherry,5927.0
31033,NE,Cheyenne,9943.0
31035,NE,Clay,6609.0
31037,NE,Colfax,9993.0
31039,NE,Cuming,9440.0
31041,NE,Custer,11090.0
31043,NE,Dakota,20295.0
31045,NE,Dawes,9040.0
31047,NE,Dawson,24291.0
31049,NE,Deuel,1969.0
31051,NE,Dixon,5987.0
31053,NE,Dodge,36597.0
31055,NE,Douglas,493757.0
31057,NE,Dundy,2051.0
31059,NE,Fillmore,6053.0
31061,NE,Franklin,3352.0
31063,NE,Frontier,2879.0
31065,NE,Furnas,5016.0
31067,NE,Gage,22875.0
31069,NE,Garden,2120.0
31071,NE,Garfield,1984.0
31073,NE,Gosper,2075.0
31075,NE,Grant,677.0
31077,NE,Greeley,2578.0
31079,NE,Hall,55190.0
31081,NE,Hamilton,9196.0
31083,NE,Harlan,3522.0
31085,NE,Hayes,994.0
31087,NE,Hitchcock,2956.0
31089,NE,Holt,10613.0
31091,NE,Hooker,751.0
31093,NE,Howard,6357.0
31095,NE,Jefferson,7970.0
31097,NE,Johnson,5257.0
31099,NE,Kearney,6614.0
31101,NE,Keith,8381.0
31103,NE,Keya Paha,892.0
31105,NE,Kimball,3879.0
31107,NE,Knox,8846.0
31109,NE,Lancaster,272286.0
31111,NE,Lincoln,35973.0
31113,NE,Logan,756.0
31115,NE,Loup,635.0
31117,NE,McPherson,518.0
31119,NE,Madison,35415.0
31121,NE,Merrick,7813.0
31123,NE,Morrill,5090.0
31125,NE,Nance,3807.0
31127,NE,Nemaha,7311.0
31129,NE,Nuckolls,4709.0
31131,NE,Otoe,15753.0
31133,NE,Pawnee,2802.0
31135,NE,Perkins,3041.0
31137,NE,Phelps,9405.0
31139,NE,Pierce,7416.0
31141,NE,Platte,31100.0
31143,NE,Polk,5409.0
31145,NE,Red Willow,11194.0
31147,NE,Richardson,8642.0
31149,NE,Rock,1552.0
31151,NE,Saline,13987.0
31153,NE,Sarpy,144070.0
31155,NE,Saunders,20411.0
31157,NE,Scotts Bluff,36223.0
31159,NE,Seward,16654.0
31161,NE,Sheridan,5649.0
31163,NE,Sherman,3148.0
31165,NE,Sioux,1409.0
31167,NE,Stanton,6363.0
31169,NE,Thayer,5312.0
31171,NE,Thomas,659.0
31173,NE,Thurston,6947.0
31175,NE,Valley,4367.0
31177,NE,Washington,20056.0
31179,NE,Wayne,9720.0
31181,NE,Webster,3846.0
31183,NE,Wheeler,826.0
31185,NE,York,14130.0
32001,NV,Churchill,24842.0
32003,NV,Clark,1803774.0
32005,NV,Douglas,46855.0
32007,NV,Elko,46108.0
32009,NV,Esmeralda,883.0
32011,NV,Eureka,1579.0
32013,NV,Humboldt,15420.0
32015,NV,Lander,5307.0
32017,NV,Lincoln,4729.0
32019,NV,Lyon,49827.0
32021,NV,Mineral,4864.0
32023,NV,Nye,42530.0
32027,NV,Pershing,6653.0
32029,NV,Storey,3913.0
32031,NV,Washoe,400453.0
32033,NV,White Pine,9511.0
32510,NV,Cars,55410.0
33001,NH,Belknap,60105.0
33003,NH,Carroll,47421.0
33005,NH,Cheshire,77658.0
33007,NH,Coos,33814.0
33009,NH,Grafton,87236.0
33011,NH,Hillsborough,398169.0
33013,NH,Merrimack,146609.0
33015,NH,Rockingham,293618.0
33017,NH,Strafford,120363.0
33019,NH,Sullivan,43396.0
34001,NJ,Atlantic,271759.0
34003,NJ,Bergen,889406.0
34005,NJ,Burlington,448373.0
34007,NJ,Camden,513195.0
34009,NJ,Cape May,98695.0
34011,NJ,Cumberland,153371.0
34013,NJ,Essex,781027.0
34015,NJ,Gloucester,280015.0
34017,NJ,Hudson,613577.0
34019,NJ,Hunterdon,128535.0
34021,NJ,Mercer,362840.0
34023,NJ,Middlesex,786890.0
34025,NJ,Monmouth,626934.0
34027,NJ,Morris,487486.0
34029,NJ,Ocean,561302.0
34031,NJ,Passaic,492730.0
34033,NJ,Salem,65831.0
34035,NJ,Somerset,314993.0
34037,NJ,Sussex,150508.0
34039,NJ,Union,525153.0
34041,NJ,Warren,109059.0
35001,NM,Bernalillo,628632.0
35003,NM,Catron,3573.0
35005,NM,Chaves,62486.0
35006,NM,Cibola,27032.0
35007,NM,Colfax,13982.0
35009,NM,Curry,47018.0
35011,NM,DeBaca,1994.0
35013,NM,Dona Ana,193701.0
35015,NM,Eddy,51366.0
35017,NM,Grant,29503.0
35019,NM,Guadalupe,4701.0
35021,NM,Harding,749.0
35023,NM,Hidalgo,4921.0
35025,NM,Lea,59541.0
35027,NM,Lincoln,20588.0
35028,NM,Los Alamos,18477.0
35029,NM,Luna,25303.0
35031,NM,McKinley,70541.0
35033,NM,Mora,4992.0
35035,NM,Otero,62200.0
35037,NM,Quay,9036.0
35039,NM,Rio Arriba,40335.0
35041,NM,Roosevelt,19186.0
35043,NM,Sandoval,114231.0
35045,NM,San Juan,125028.0
35047,NM,San Miguel,29388.0
35049,NM,Santa Fe,138786.0
35051,NM,Sierra,11997.0
35053,NM,Socorro,18081.0
35055,NM,Taos,32170.0
35057,NM,Torrance,16728.0
35059,NM,Union,4210.0
35061,NM,Valencia,71661.0
36001,NY,Albany,303997.0
36003,NY,Allegany,49359.0
36005,NY,Bronx,1348164.0
36007,NY,Broome,200905.0
36009,NY,Cattaraugus,81342.0
36011,NY,Cayuga,80892.0
36013,NY,Chautauqua,135640.0
36015,NY,Chemung,88732.0
36017,NY,Chenango,51391.0
36019,NY,Clinton,82547.0
36021,NY,Columbia,63427.0
36023,NY,Cortland,49449.0
36025,NY,Delaware,48271.0
36027,NY,Dutchess,294712.0
36029,NY,Erie,925564.0
36031,NY,Essex,39490.0
36033,NY,Franklin,51511.0
36035,NY,Fulton,55328.0
36037,NY,Genesee,59919.0
36039,NY,Greene,49513.0
36041,NY,Hamilton,4987.0
36043,NY,Herkimer,64029.0
36045,NY,Jefferson,113650.0
36047,NY,Kings,2436132.0
36049,NY,Lewis,27001.0
36051,NY,Livingston,65357.0
36053,NY,Madison,72042.0
36055,NY,Monroe,738329.0
36057,NY,Montgomery,49724.0
36059,NY,Nassau,1324905.0
36061,NY,New York,1578171.0
36063,NY,Niagara,216148.0
36065,NY,Oneida,234229.0
36067,NY,Onondaga,460925.0
36069,NY,Ontario,104644.0
36071,NY,Orange,366908.0
36073,NY,Orleans,43420.0
36075,NY,Oswego,122354.0
36077,NY,Otsego,63032.0
36079,NY,Putnam,99357.0
36081,NY,Queens,2173862.0
36083,NY,Rensselaer,157312.0
36085,NY,Richmond,457577.0
36087,NY,Rockland,299390.0
36089,NY,St. Lawrence,111556.0
36091,NY,Saratoga,214627.0
36093,NY,Schenectady,151768.0
36095,NY,Schoharie,32661.0
36097,NY,Schuyler,18752.0
36099,NY,Seneca,35223.0
36101,NY,Steuben,98473.0
36103,NY,Suffolk,1475626.0
36105,NY,Sullivan,77231.0
36107,NY,Tioga,51536.0
36109,NY,Tompkins,99651.0
36111,NY,Ulster,182845.0
36113,NY,Warren,65554.0
36115,NY,Washington,62771.0
36117,NY,Wayne,93595.0
36119,NY,Westchester,931426.0
36121,NY,Wyoming,42673.0
36123,NY,Yates,25025.0
37001,NC,Alamance,141462.0
37003,NC,Alexander,36243.0
37005,NC,Alleghany,10940.0
37007,NC,Anson,26599.0
37009,NC,Ashe,26134.0
37011,NC,Avery,18104.0
37013,NC,Beaufort,46622.0
37015,NC,Bertie,19936.0
37017,NC,Bladen,34114.0
37019,NC,Brunswick,93938.0
37021,NC,Buncombe,226524.0
37023,NC,Burke,89903.0
37025,NC,Cabarrus,157735.0
37027,NC,Caldwell,80897.0
37029,NC,Camden,9321.0
37031,NC,Carteret,64028.0
37033,NC,Caswell,23993.0
37035,NC,Catawba,150449.0
37037,NC,Chatham,58779.0
37039,NC,Cherokee,26877.0
37041,NC,Chowan,14835.0
37043,NC,Clay,10107.0
37045,NC,Cleveland,96990.0
37047,NC,Columbus,55654.0
37049,NC,Craven,96926.0
37051,NC,Cumberland,307365.0
37053,NC,Currituck,22923.0
37055,NC,Dare,33463.0
37057,NC,Davidson,157209.0
37059,NC,Davie,39539.0
37061,NC,Duplin,54704.0
37063,NC,Durham,246929.0
37065,NC,Edgecombe,56129.0
37067,NC,Forsyth,332110.0
37069,NC,Franklin,55460.0
37071,NC,Gaston,196284.0
37073,NC,Gates,11708.0
37075,NC,Graham,8561.0
37077,NC,Granville,55167.0
37079,NC,Greene,20742.0
37081,NC,Guilford,458792.0
37083,NC,Halifax,55685.0
37085,NC,Harnett,103036.0
37087,NC,Haywood,57701.0
37089,NC,Henderson,100056.0
37091,NC,Hertford,23981.0
37093,NC,Hoke,41360.0
37095,NC,Hyde,5621.0
37097,NC,Iredell,146854.0
37099,NC,Jackson,38129.0
37101,NC,Johnston,149721.0
37103,NC,Jones,9994.0
37105,NC,Lee,52642.0
37107,NC,Lenoir,59203.0
37109,NC,Lincoln,72179.0
37111,NC,McDowell,43969.0
37113,NC,Macon,32736.0
37115,NC,Madison,20265.0
37117,NC,Martin,24651.0
37119,NC,Mecklenburg,831507.0
37121,NC,Mitchell,15699.0
37123,NC,Montgomery,27311.0
37125,NC,Moore,82838.0
37127,NC,Nash,92127.0
37129,NC,New Hanover,190791.0
37131,NC,Northampton,22112.0
37133,NC,Onslow,161185.0
37135,NC,Orange,124286.0
37137,NC,Pamlico,12995.0
37139,NC,Pasquotank,38956.0
37141,NC,Pender,47481.0
37143,NC,Perquimans,12494.0
37145,NC,Person,38244.0
37147,NC,Pitt,152934.0
37149,NC,Polk,19912.0
37151,NC,Randolph,137885.0
37153,NC,Richmond,46263.0
37155,NC,Robeson,128894.0
37157,NC,Rockingham,92960.0
37159,NC,Rowan,134045.0
37161,NC,Rutherford,65855.0
37163,NC,Sampson,62118.0
37165,NC,Scotland,36348.0
37167,NC,Stanly,59185.0
37169,NC,Stokes,46755.0
37171,NC,Surry,72807.0
37173,NC,Swain,13693.0
37175,NC,Transylvania,31469.0
37177,NC,Tyrrell,4339.0
37179,NC,Union,172529.0
37181,NC,Vance,44574.0
37183,NC,Wake,784038.0
37185,NC,Warren,20513.0
37187,NC,Washington,13305.0
37189,NC,Watauga,47748.0
37191,NC,Wayne,117534.0
37193,NC,Wilkes,68489.0
37195,NC,Wilson,77379.0
37197,NC,Yadkin,37881.0
37199,NC,Yancey,17814.0
38001,ND,Adams,2366.0
38003,ND,Barnes,11106.0
38005,ND,Benson,6709.0
38007,ND,Billings,741.0
38009,ND,Bottineau,6526.0
38011,ND,Bowman,3020.0
38013,ND,Burke,1975.0
38015,ND,Burleigh,75940.0
38017,ND,Cass,138340.0
38019,ND,Cavalier,4202.0
38021,ND,Dickey,5419.0
38023,ND,Divide,2083.0
38025,ND,Dunn,3432.0
38027,ND,Eddy,2529.0
38029,ND,Emmons,3748.0
38031,ND,Foster,3565.0
38033,ND,Golden Valley,1670.0
38035,ND,Grand Forks,67096.0
38037,ND,Grant,2519.0
38039,ND,Griggs,2457.0
38041,ND,Hettinger,2577.0
38043,ND,Kidder,2509.0
38045,ND,LaMoure,4357.0
38047,ND,Logan,2018.0
38049,ND,McHenry,5507.0
38051,ND,McIntosh,3080.0
38053,ND,McKenzie,5727.0
38055,ND,McLean,8767.0
38057,ND,Mercer,8309.0
38059,ND,Morton,25910.0
38061,ND,Mountrail,6826.0
38063,ND,Nelson,3271.0
38065,ND,Oliver,1863.0
38067,ND,Pembina,7786.0
38069,ND,Pierce,4394.0
38071,ND,Ramsey,11298.0
38073,ND,Ransom,5720.0
38075,ND,Renville,2499.0
38077,ND,Richland,16869.0
38079,ND,Rolette,13625.0
38081,ND,Sargent,4115.0
38083,ND,Sheridan,1435.0
38085,ND,Sioux,4148.0
38087,ND,Slope,744.0
38089,ND,Stark,22770.0
38091,ND,Steele,2026.0
38093,ND,Stutsman,21115.0
38095,ND,Towner,2408.0
38097,ND,Traill,8249.0
38099,ND,Walsh,11501.0
38101,ND,Ward,58030.0
38103,ND,Wells,4404.0
38105,ND,Williams,20122.0
39001,OH,Adams,28615.0
39003,OH,Allen,106716.0
39005,OH,Ashland,53231.0
39007,OH,Ashtabula,102340.0
39009,OH,Athens,64237.0
39011,OH,Auglaize,46034.0
39013,OH,Belmont,70469.0
39015,OH,Brown,44334.0
39017,OH,Butler,356691.0
39019,OH,Carroll,29163.0
39021,OH,Champaign,40018.0
39023,OH,Clark,140668.0
39025,OH,Clermont,192209.0
39027,OH,Clinton,42499.0
39029,OH,Columbiana,109673.0
39031,OH,Coshocton,37339.0
39033,OH,Crawford,44907.0
39035,OH,Cuyahoga,1312816.0
39037,OH,Darke,53023.0
39039,OH,Defiance,39154.0
39041,OH,Delaware,156164.0
39043,OH,Erie,77876.0
39045,OH,Fairfield,141005.0
39047,OH,Fayette,28791.0
39049,OH,Franklin,1115924.0
39051,OH,Fulton,42785.0
39053,OH,Gallia,30927.0
39055,OH,Geauga,93839.0
39057,OH,Greene,157850.0
39059,OH,Guernsey,40600.0
39061,OH,Hamilton,804913.0
39063,OH,Hancock,74167.0
39065,OH,Hardin,31939.0
39067,OH,Harrison,15868.0
39069,OH,Henry,29026.0
39071,OH,Highland,43562.0
39073,OH,Hocking,29097.0
39075,OH,Holmes,41828.0
39077,OH,Huron,60113.0
39079,OH,Jackson,33135.0
39081,OH,Jefferson,70656.0
39083,OH,Knox,59194.0
39085,OH,Lake,228203.0
39087,OH,Lawrence,62798.0
39089,OH,Licking,160263.0
39091,OH,Logan,45902.0
39093,OH,Lorain,297259.0
39095,OH,Lucas,446769.0
39097,OH,Madison,41865.0
39099,OH,Mahoning,246112.0
39101,OH,Marion,66345.0
39103,OH,Medina,167298.0
39105,OH,Meigs,23586.0
39107,OH,Mercer,41063.0
39109,OH,Miami,102028.0
39111,OH,Monroe,14818.0
39113,OH,Montgomery,543620.0
39115,OH,Morgan,15189.0
39117,OH,Morrow,34561.0
39119,OH,Muskingum,86023.0
39121,OH,Noble,14616.0
39123,OH,Ottawa,41641.0
39125,OH,Paulding,19748.0
39127,OH,Perry,35430.0
39129,OH,Pickaway,54094.0
39131,OH,Pike,28590.0
39133,OH,Portage,157773.0
39135,OH,Preble,42651.0
39137,OH,Putnam,34781.0
39139,OH,Richland,127292.0
39141,OH,Ross,76639.0
39143,OH,Sandusky,61745.0
39145,OH,Scioto,78285.0
39147,OH,Seneca,57406.0
39149,OH,Shelby,49099.0
39151,OH,Stark,376180.0
39153,OH,Summit,544660.0
39155,OH,Trumbull,216185.0
39157,OH,Tuscarawas,92271.0
39159,OH,Union,48589.0
39161,OH,Van Wert,29342.0
39163,OH,Vinton,13516.0
39165,OH,Warren,200630.0
39167,OH,Washington,62387.0
39169,OH,Wayne,114263.0
39171,OH,Williams,38547.0
39173,OH,Wood,125027.0
39175,OH,Wyandot,22729.0
40001,OK,Adair,22215.0
40003,OK,Alfalfa,5639.0
40005,OK,Atoka,14013.0
40007,OK,Beaver,5514.0
40009,OK,Beckham,20040.0
40011,OK,Blaine,11965.0
40013,OK,Bryan,39739.0
40015,OK,Caddo,29087.0
40017,OK,Canadian,102876.0
40019,OK,Carter,46430.0
40021,OK,Cherokee,45517.0
40023,OK,Choctaw,15277.0
40025,OK,Cimarron,2572.0
40027,OK,Cleveland,237257.0
40029,OK,Coal,5671.0
40031,OK,Comanche,116653.0
40033,OK,Cotton,6327.0
40035,OK,Craig,14881.0
40037,OK,Creek,67791.0
40039,OK,Custer,26148.0
40041,OK,Delaware,40266.0
40043,OK,Dewey,4621.0
40045,OK,Ellis,3898.0
40047,OK,Garfield,57723.0
40049,OK,Garvin,27249.0
40051,OK,Grady,50462.0
40053,OK,Grant,4645.0
40055,OK,Greer,6048.0
40057,OK,Harmon,2915.0
40059,OK,Harper,3527.0
40061,OK,Haskell,12329.0
40063,OK,Hughes,13450.0
40065,OK,Jackson,26805.0
40067,OK,Jefferson,6418.0
40069,OK,Johnston,10709.0
40071,OK,Kay,46220.0
40073,OK,Kingfisher,14464.0
40075,OK,Kiowa,9756.0
40077,OK,Latimer,10841.0
40079,OK,Le Flore,49209.0
40081,OK,Lincoln,33441.0
40083,OK,Logan,37060.0
40085,OK,Love,9207.0
40087,OK,McClain,31419.0
40089,OK,McCurtain,33198.0
40091,OK,McIntosh,19730.0
40093,OK,Major,7449.0
40095,OK,Marshall,14988.0
40097,OK,Mayes,40107.0
40099,OK,Murray,12969.0
40101,OK,Muskogee,69958.0
40103,OK,Noble,11462.0
40105,OK,Nowata,10705.0
40107,OK,Okfuskee,11895.0
40109,OK,Oklahoma,690153.0
40111,OK,Okmulgee,39426.0
40113,OK,Osage,46576.0
40115,OK,Ottawa,32971.0
40117,OK,Pawnee,16625.0
40119,OK,Payne,74964.0
40121,OK,Pittsburg,44831.0
40123,OK,Pontotoc,35525.0
40125,OK,Pottawatomie,67696.0
40127,OK,Pushmataha,11389.0
40129,OK,Roger Mills,3387.0
40131,OK,Rogers,82234.0
40133,OK,Seminole,24997.0
40135,OK,Sequoyah,41248.0
40137,OK,Stephens,43670.0
40139,OK,Texas,19361.0
40141,OK,Tillman,8394.0
40143,OK,Tulsa,575014.0
40145,OK,Wagoner,66345.0
40147,OK,Washington,49216.0
40149,OK,Washita,11422.0
40151,OK,Woods,8550.0
40153,OK,Woodward,19341.0
41001,OR,Baker,16094.0
41003,OR,Benton,81957.0
41005,OR,Clackamas,363508.0
41007,OR,Clatsop,36603.0
41009,OR,Columbia,48184.0
41011,OR,Coos,63844.0
41013,OR,Crook,21673.0
41015,OR,Curry,22626.0
41017,OR,Deschutes,148149.0
41019,OR,Douglas,106658.0
41021,OR,Gilliam,1834.0
41023,OR,Grant,7373.0
41025,OR,Harney,7286.0
41027,OR,Hood River,21200.0
41029,OR,Jackson,196858.0
41031,OR,Jefferson,21113.0
41033,OR,Josephine,81601.0
41035,OR,Klamath,66294.0
41037,OR,Lake,7796.0
41039,OR,Lane,339926.0
41041,OR,Lincoln,45529.0
41043,OR,Linn,110764.0
41045,OR,Malheur,31303.0
41047,OR,Marion,303290.0
41049,OR,Morrow,11203.0
41051,OR,Multnomah,683767.0
41053,OR,Polk,71027.0
41055,OR,Sherman,1682.0
41057,OR,Tillamook,25160.0
41059,OR,Umatilla,73984.0
41061,OR,Union,24754.0
41063,OR,Wallowa,6835.0
41065,OR,Wasco,24159.0
41067,OR,Washington,502226.0
41069,OR,Wheeler,1425.0
41071,OR,Yamhill,93198.0
42001,PA,Adams,99899.0
42003,PA,Allegheny,1226025.0
42005,PA,Armstrong,70030.0
42007,PA,Beaver,173259.0
42009,PA,Bedford,49871.0
42011,PA,Berks,401834.0
42013,PA,Blair,127002.0
42015,PA,Bradford,62345.0
42017,PA,Bucks,619544.0
42019,PA,Butler,181009.0
42021,PA,Cambria,146093.0
42023,PA,Cameron,5341.0
42025,PA,Carbon,63105.0
42027,PA,Centre,148734.0
42029,PA,Chester,479137.0
42031,PA,Clarion,40615.0
42033,PA,Clearfield,82461.0
42035,PA,Clinton,38730.0
42037,PA,Columbia,65882.0
42039,PA,Crawford,89496.0
42041,PA,Cumberland,226835.0
42043,PA,Dauphin,260312.0
42045,PA,Delaware,553806.0
42047,PA,Elk,33006.0
42049,PA,Erie,278389.0
42051,PA,Fayette,141165.0
42053,PA,Forest,7519.0
42055,PA,Franklin,142421.0
42057,PA,Fulton,14714.0
42059,PA,Greene,39342.0
42061,PA,Huntingdon,45684.0
42063,PA,Indiana,88716.0
42065,PA,Jefferson,45323.0
42067,PA,Juniata,24107.0
42069,PA,Lackawanna,212595.0
42071,PA,Lancaster,500922.0
42073,PA,Lawrence,92248.0
42075,PA,Lebanon,128302.0
42077,PA,Lehigh,336794.0
42079,PA,Luzerne,316837.0
42081,PA,Lycoming,116983.0
42083,PA,Mc Kean,44309.0
42085,PA,Mercer,118123.0
42087,PA,Mifflin,46435.0
42089,PA,Monroe,165185.0
42091,PA,Montgomery,781519.0
42093,PA,Montour,18114.0
42095,PA,Northampton,289628.0
42097,PA,Northumberland,93475.0
42099,PA,Perry,45121.0
42101,PA,Philadelphia,1488710.0
42103,PA,Pike,55601.0
42105,PA,Potter,17944.0
42107,PA,Schuylkill,148005.0
42109,PA,Snyder,38946.0
42111,PA,Somerset,78834.0
42113,PA,Sullivan,6487.0
42115,PA,Susquehanna,43376.0
42117,PA,Tioga,41347.0
42119,PA,Union,44666.0
42121,PA,Venango,55761.0
42123,PA,Warren,41972.0
42125,PA,Washington,205992.0
42127,PA,Wayne,52031.0
42129,PA,Westmoreland,366559.0
42131,PA,Wyoming,28194.0
42133,PA,York,418043.0
44001,RI,Bristol,50996.0
44003,RI,Kent,168522.0
44005,RI,Newport,85130.0
44007,RI,Providence,631691.0
44009,RI,Washington,126757.0
45001,SC,Abbeville,25821.0
45003,SC,Aiken,152577.0
45005,SC,Allendale,10882.0
45007,SC,Anderson,178579.0
45009,SC,Bamberg,16392.0
45011,SC,Barnwell,22886.0
45013,SC,Beaufort,147213.0
45015,SC,Berkeley,159501.0
45017,SC,Calhoun,15229.0
45019,SC,Charleston,334826.0
45021,SC,Cherokee,54166.0
45023,SC,Chester,33222.0
45025,SC,Chesterfield,45103.0
45027,SC,Clarendon,34094.0
45029,SC,Colleton,38608.0
45031,SC,Darlington,68424.0
45033,SC,Dillon,31373.0
45035,SC,Dorchester,120136.0
45037,SC,Edgefield,26135.0
45039,SC,Fairfield,24177.0
45041,SC,Florence,132489.0
45043,SC,Georgetown,59821.0
45045,SC,Greenville,415957.0
45047,SC,Greenwood,68091.0
45049,SC,Hampton,21104.0
45051,SC,Horry,242194.0
45053,SC,Jasper,22406.0
45055,SC,Kershaw,58060.0
45057,SC,Lancaster,66992.0
45059,SC,Laurens,67388.0
45061,SC,Lee,20001.0
45063,SC,Lexington,241219.0
45065,SC,McCormick,10166.0
45067,SC,Marion,33994.0
45069,SC,Marlboro,29199.0
45071,SC,Newberry,36746.0
45073,SC,Oconee,71490.0
45075,SC,Orangeburg,91761.0
45077,SC,Pickens,115570.0
45079,SC,Richland,357096.0
45081,SC,Saluda,19310.0
45083,SC,Spartanburg,268898.0
45085,SC,Sumter,105953.0
45087,SC,Union,29248.0
45089,SC,Williamsburg,35458.0
45091,SC,York,197892.0
46003,SD,Aurora,2775.0
46005,SD,Beadle,16149.0
46007,SD,Bennett,3475.0
46009,SD,Bon Homme,7174.0
46011,SD,Brookings,30323.0
46013,SD,Brown,35561.0
46015,SD,Brule,4991.0
46017,SD,Buffalo,1973.0
46019,SD,Butte,9517.0
46021,SD,Campbell,1533.0
46023,SD,Charles Mix,9110.0
46025,SD,Clark,3713.0
46027,SD,Clay,13627.0
46029,SD,Codington,26754.0
46031,SD,Corson,4041.0
46033,SD,Custer,7992.0
46035,SD,Davison,19404.0
46037,SD,Day,5805.0
46039,SD,Deuel,4394.0
46041,SD,Dewey,5537.0
46043,SD,Douglas,3131.0
46045,SD,Edmunds,4043.0
46047,SD,Fall River,7108.0
46049,SD,Faulk,2398.0
46051,SD,Grant,7410.0
46053,SD,Gregory,4311.0
46055,SD,Haakon,1984.0
46057,SD,Hamlin,5595.0
46059,SD,Hand,3390.0
46061,SD,Hanson,3414.0
46063,SD,Harding,1278.0
46065,SD,Hughes,16717.0
46067,SD,Hutchinson,7471.0
46069,SD,Hyde,1531.0
46071,SD,Jackson,2976.0
46073,SD,Jerauld,2059.0
46075,SD,Jones,1046.0
46077,SD,Kingsbury,5228.0
46079,SD,Lake,10659.0
46081,SD,Lawrence,23172.0
46083,SD,Lincoln,36885.0
46085,SD,Lyman,3754.0
46087,SD,McCook,5679.0
46089,SD,McPherson,2571.0
46091,SD,Marshall,4616.0
46093,SD,Meade,25085.0
46095,SD,Mellette,2030.0
46097,SD,Miner,2474.0
46099,SD,Minnehaha,160630.0
46101,SD,Moody,6537.0
46103,SD,Pennington,94394.0
46105,SD,Perkins,2977.0
46107,SD,Potter,2413.0
46109,SD,Roberts,9977.0
46111,SD,Sanborn,2410.0
46113,SD,Shannon,13404.0
46115,SD,Spink,6714.0
46117,SD,Stanley,2845.0
46119,SD,Sully,1422.0
46121,SD,Todd,9505.0
46123,SD,Tripp,5964.0
46125,SD,Turner,8382.0
46127,SD,Union,13388.0
46129,SD,Walworth,5469.0
46135,SD,Yankton,21957.0
46137,SD,Ziebach,2782.0
47001,TN,Anderson,73117.0
47003,TN,Bedford,42780.0
47005,TN,Benton,16435.0
47007,TN,Bledsoe,12847.0
47009,TN,Blount,118228.0
47011,TN,Bradley,94638.0
47013,TN,Campbell,40475.0
47015,TN,Cannon,13280.0
47017,TN,Carroll,28791.0
47019,TN,Carter,57877.0
47021,TN,Cheatham,38186.0
47023,TN,Chester,16491.0
47025,TN,Claiborne,31481.0
47027,TN,Clay,7977.0
47029,TN,Cocke,35001.0
47031,TN,Coffee,51646.0
47033,TN,Crockett,14430.0
47035,TN,Cumberland,53363.0
47037,TN,Davidson,597597.0
47039,TN,Decatur,11567.0
47041,TN,DeKalb,18289.0
47043,TN,Dickson,47229.0
47045,TN,Dyer,38043.0
47047,TN,Fayette,35667.0
47049,TN,Fentress,17514.0
47051,TN,Franklin,40877.0
47053,TN,Gibson,48101.0
47055,TN,Giles,29515.0
47057,TN,Grainger,22175.0
47059,TN,Greene,67153.0
47061,TN,Grundy,14073.0
47063,TN,Hamblen,60629.0
47065,TN,Hamilton,321350.0
47067,TN,Hancock,6730.0
47069,TN,Hardeman,27816.0
47071,TN,Hardin,25863.0
47073,TN,Hawkins,56030.0
47075,TN,Haywood,19288.0
47077,TN,Henderson,27066.0
47079,TN,Henry,31686.0
47081,TN,Hickman,24159.0
47083,TN,Houston,8080.0
47085,TN,Humphreys,18234.0
47087,TN,Jackson,11317.0
47089,TN,Jefferson,49079.0
47091,TN,Johnson,18059.0
47093,TN,Knox,411785.0
47095,TN,Lake,7846.0
47097,TN,Lauderdale,27548.0
47099,TN,Lawrence,40773.0
47101,TN,Lewis,11817.0
47103,TN,Lincoln,32310.0
47105,TN,Loudon,45207.0
47107,TN,McMinn,51610.0
47109,TN,McNairy,25445.0
47111,TN,Macon,21556.0
47113,TN,Madison,96681.0
47115,TN,Marion,27992.0
47117,TN,Marshall,28821.0
47119,TN,Maury,75795.0
47121,TN,Meigs,11346.0
47123,TN,Monroe,42955.0
47125,TN,Montgomery,153054.0
47127,TN,Moore,6123.0
47129,TN,Morgan,21156.0
47131,TN,Obion,31990.0
47133,TN,Overton,21371.0
47135,TN,Perry,7620.0
47137,TN,Pickett,5023.0
47139,TN,Polk,16539.0
47141,TN,Putnam,68493.0
47143,TN,Rhea,30440.0
47145,TN,Roane,53821.0
47147,TN,Robertson,61551.0
47149,TN,Rutherford,233247.0
47151,TN,Scott,22034.0
47153,TN,Sequatchie,13282.0
47155,TN,Sevier,84098.0
47157,TN,Shelby,920106.0
47159,TN,Smith,18726.0
47161,TN,Stewart,12866.0
47163,TN,Sullivan,154227.0
47165,TN,Sumner,148941.0
47167,TN,Tipton,57466.0
47169,TN,Trousdale,7531.0
47171,TN,Unicoi,18143.0
47173,TN,Union,18896.0
47175,TN,Van Buren,5406.0
47177,TN,Warren,39190.0
47179,TN,Washington,115923.0
47181,TN,Wayne,17033.0
47183,TN,Weakley,34289.0
47185,TN,White,24866.0
47187,TN,Williamson,161902.0
47189,TN,Wilson,103697.0
48001,TX,Anderson,57386.0
48003,TX,Andrews,13195.0
48005,TX,Angelina,83810.0
48007,TX,Aransas,23395.0
48009,TX,Archer,9063.0
48011,TX,Armstrong,1989.0
48013,TX,Atascosa,43059.0
48015,TX,Austin,26828.0
48017,TX,Bailey,7001.0
48019,TX,Bandera,19775.0
48021,TX,Bastrop,69720.0
48023,TX,Baylor,3870.0
48025,TX,Bee,31977.0
48027,TX,Bell,273771.0
48029,TX,Bexar,1573935.0
48031,TX,Blanco,9686.0
48033,TX,Borden,634.0
48035,TX,Bosque,18046.0
48037,TX,Bowie,90235.0
48039,TX,Brazoria,284248.0
48041,TX,Brazos,175433.0
48043,TX,Brewster,8790.0
48045,TX,Briscoe,1704.0
48047,TX,Brooks,7490.0
48049,TX,Brown,38492.0
48051,TX,Burleson,17000.0
48053,TX,Burnet,41109.0
48055,TX,Caldwell,36533.0
48057,TX,Calhoun,20839.0
48059,TX,Callahan,13309.0
48061,TX,Cameron,380169.0
48063,TX,Camp,12068.0
48065,TX,Carson,6413.0
48067,TX,Cass,30095.0
48069,TX,Castro,7780.0
48071,TX,Chambers,29980.0
48073,TX,Cherokee,49162.0
48075,TX,Childress,7214.0
48077,TX,Clay,11157.0
48079,TX,Cochran,3257.0
48081,TX,Coke,3492.0
48083,TX,Coleman,8853.0
48085,TX,Collin,683935.0
48087,TX,Collingsworth,2952.0
48089,TX,Colorado,20608.0
48091,TX,Comal,95637.0
48093,TX,Comanche,13814.0
48095,TX,Concho,3957.0
48097,TX,Cooke,38241.0
48099,TX,Coryell,72217.0
48101,TX,Cottle,1577.0
48103,TX,Crane,3855.0
48105,TX,Crockett,3739.0
48107,TX,Crosby,6466.0
48109,TX,Culberson,2587.0
48111,TX,Dallam,6205.0
48113,TX,Dallas,2275434.0
48115,TX,Dawson,13987.0
48117,TX,Deaf Smith,18770.0
48119,TX,Delta,5355.0
48121,TX,Denton,584561.0
48123,TX,DeWitt,20108.0
48125,TX,Dickens,2466.0
48127,TX,Dimmit,9972.0
48129,TX,Donley,3779.0
48131,TX,Duval,12298.0
48133,TX,Eastland,18545.0
48135,TX,Ector,127476.0
48137,TX,Edwards,1995.0
48139,TX,Ellis,135276.0
48141,TX,El Paso,744795.0
48143,TX,Erath,36355.0
48145,TX,Falls,17945.0
48147,TX,Fannin,33540.0
48149,TX,Fayette,23631.0
48151,TX,Fisher,4098.0
48153,TX,Floyd,6855.0
48155,TX,Foard,1432.0
48157,TX,Fort Bend,490916.0
48159,TX,Franklin,10755.0
48161,TX,Freestone,19123.0
48163,TX,Frio,16720.0
48165,TX,Gaines,15707.0
48167,TX,Galveston,279182.0
48169,TX,Garza,5996.0
48171,TX,Gillespie,23487.0
48173,TX,Glasscock,1202.0
48175,TX,Goliad,7121.0
48177,TX,Gonzales,19633.0
48179,TX,Gray,22100.0
48181,TX,Grayson,117174.0
48183,TX,Gregg,117118.0
48185,TX,Grimes,25639.0
48187,TX,Guadalupe,111878.0
48189,TX,Hale,36162.0
48191,TX,Hall,3582.0
48193,TX,Hamilton,8389.0
48195,TX,Hansford,5293.0
48197,TX,Hardeman,4409.0
48199,TX,Hardin,51470.0
48201,TX,Harris,3807435.0
48203,TX,Harrison,63699.0
48205,TX,Hartley,5911.0
48207,TX,Haskell,5817.0
48209,TX,Hays,132111.0
48211,TX,Hemphill,3523.0
48213,TX,Henderson,78404.0
48215,TX,Hidalgo,695352.0
48217,TX,Hill,34484.0
48219,TX,Hockley,22912.0
48221,TX,Hood,47952.0
48223,TX,Hopkins,33746.0
48225,TX,Houston,23551.0
48227,TX,Howard,33328.0
48229,TX,Hudspeth,3459.0
48231,TX,Hunt,83770.0
48233,TX,Hutchinson,22176.0
48235,TX,Irion,1649.0
48237,TX,Jack,9177.0
48239,TX,Jackson,13954.0
48241,TX,Jasper,34861.0
48243,TX,Jeff Davis,2264.0
48245,TX,Jefferson,245962.0
48247,TX,Jim Hogg,5160.0
48249,TX,Jim Wells,40393.0
48251,TX,Johnson,142501.0
48253,TX,Jones,20242.0
48255,TX,Karnes,14985.0
48257,TX,Kaufman,91395.0
48259,TX,Kendall,29134.0
48261,TX,Kenedy,426.0
48263,TX,Kent,770.0
48265,TX,Kerr,47840.0
48267,TX,Kimble,4578.0
48269,TX,King,285.0
48271,TX,Kinney,3488.0
48273,TX,Kleberg,31149.0
48275,TX,Knox,3788.0
48277,TX,Lamar,49386.0
48279,TX,Lamb,14338.0
48281,TX,Lampasas,19472.0
48283,TX,La Salle,6549.0
48285,TX,Lavaca,19181.0
48287,TX,Lee,16348.0
48289,TX,Leon,16334.0
48291,TX,Liberty,74269.0
48293,TX,Limestone,23093.0
48295,TX,Lipscomb,3115.0
48297,TX,Live Oak,11559.0
48299,TX,Llano,18502.0
48301,TX,Loving,75.0
48303,TX,Lubbock,261761.0
48305,TX,Lynn,6192.0
48307,TX,McCulloch,8183.0
48309,TX,McLennan,224452.0
48311,TX,McMullen,765.0
48313,TX,Madison,13264.0
48315,TX,Marion,10992.0
48317,TX,Martin,4443.0
48319,TX,Mason,3862.0
48321,TX,Matagorda,36743.0
48323,TX,Maverick,50951.0
48325,TX,Medina,43936.0
48327,TX,Menard,2199.0
48329,TX,Midland,125844.0
48331,TX,Milam,25082.0
48333,TX,Mills,4854.0
48335,TX,Mitchell,9279.0
48337,TX,Montague,19781.0
48339,TX,Montgomery,392497.0
48341,TX,Moore,20558.0
48343,TX,Morris,13168.0
48345,TX,Motley,1236.0
48347,TX,Nacogdoches,61750.0
48349,TX,Navarro,47338.0
48351,TX,Newton,14349.0
48353,TX,Nolan,14740.0
48355,TX,Nueces,329113.0
48357,TX,Ochiltree,9557.0
48359,TX,Oldham,2010.0
48361,TX,Orange,81687.0
48363,TX,Palo Pinto,27859.0
48365,TX,Panola,23456.0
48367,TX,Parker,105387.0
48369,TX,Parmer,10035.0
48371,TX,Pecos,15403.0
48373,TX,Polk,45495.0
48375,TX,Potter,119780.0
48377,TX,Presidio,7638.0
48379,TX,Rains,10830.0
48381,TX,Randall,112464.0
48383,TX,Reagan,3160.0
48385,TX,Real,3264.0
48387,TX,Red River,13237.0
48389,TX,Reeves,12747.0
48391,TX,Refugio,7548.0
48393,TX,Roberts,849.0
48395,TX,Robertson,16581.0
48397,TX,Rockwall,66117.0
48399,TX,Runnels,10587.0
48401,TX,Rusk,50415.0
48403,TX,Sabine,10583.0
48405,TX,San Augustine,9128.0
48407,TX,San Jacinto,25151.0
48409,TX,San Patricio,67022.0
48411,TX,San Saba,5985.0
48413,TX,Schleicher,3085.0
48415,TX,Scurry,16232.0
48417,TX,Shackelford,3287.0
48419,TX,Shelby,25324.0
48421,TX,Sherman,2946.0
48423,TX,Smith,196124.0
48425,TX,Somervell,7853.0
48427,TX,Starr,59050.0
48429,TX,Stephens,9450.0
48431,TX,Sterling,1124.0
48433,TX,Stonewall,1425.0
48435,TX,Sutton,4299.0
48437,TX,Swisher,7901.0
48439,TX,Tarrant,1662005.0
48441,TX,Taylor,127838.0
48443,TX,Terrell,921.0
48445,TX,Terry,12448.0
48447,TX,Throckmorton,1710.0
48449,TX,Titus,29541.0
48451,TX,Tom Green,106125.0
48453,TX,Travis,925151.0
48455,TX,Trinity,14376.0
48457,TX,Tyler,21034.0
48459,TX,Upshur,38004.0
48461,TX,Upton,3174.0
48463,TX,Uvalde,26301.0
48465,TX,Val Verde,47401.0
48467,TX,Van Zandt,52194.0
48469,TX,Victoria,84528.0
48471,TX,Walker,65591.0
48473,TX,Waller,38260.0
48475,TX,Ward,10301.0
48477,TX,Washington,32199.0
48479,TX,Webb,229307.0
48481,TX,Wharton,41073.0
48483,TX,Wheeler,5055.0
48485,TX,Wichita,131376.0
48487,TX,Wilbarger,13835.0
48489,TX,Willacy,21463.0
48491,TX,Williamson,351970.0
48493,TX,Wilson,39007.0
48495,TX,Winkler,6642.0
48497,TX,Wise,56569.0
48499,TX,Wood,41099.0
48501,TX,Yoakum,7404.0
48503,TX,Young,18227.0
48505,TX,Zapata,13069.0
48507,TX,Zavala,11642.0
49001,UT,Beaver,6281.0
49003,UT,Box Elder,45948.0
49005,UT,Cache,101236.0
49007,UT,Carbon,20072.0
49009,UT,Daggett,984.0
49011,UT,Davis,278800.0
49013,UT,Duchesne,15823.0
49015,UT,Emery,10445.0
49017,UT,Garfield,4670.0
49019,UT,Grand,8787.0
49021,UT,Iron,42000.0
49023,UT,Juab,9175.0
49025,UT,Kane,6678.0
49027,UT,Millard,11946.0
49029,UT,Morgan,8342.0
49031,UT,Piute,1429.0
49033,UT,Rich,2035.0
49035,UT,Salt Lake,966798.0
49037,UT,San Juan,13679.0
49039,UT,Sanpete,25051.0
49041,UT,Sevier,19844.0
49043,UT,Summit,34242.0
49045,UT,Tooele,51483.0
49047,UT,Uintah,28662.0
49049,UT,Utah,448296.0
49051,UT,Wasatch,20755.0
49053,UT,Washington,126796.0
49055,UT,Wayne,2594.0
49057,UT,Weber,212656.0
50001,VT,Addison,36758.0
50003,VT,Bennington,37127.0
50005,VT,Caledonia,31252.0
50007,VT,Chittenden,152861.0
50009,VT,Essex,6341.0
50011,VT,Franklin,47392.0
50013,VT,Grand Isle,7173.0
50015,VT,Lamoille,23642.0
50017,VT,Orange,29249.0
50019,VT,Orleans,27215.0
50021,VT,Rutland,62894.0
50023,VT,Washington,59414.0
50025,VT,Windham,44390.0
50027,VT,Windsor,57184.0
51001,VA,Accomack,35192.0
51003,VA,Albemarle,93852.0
51005,VA,Alleghany,16564.0
51007,VA,Amelia,12250.0
51009,VA,Amherst,32094.0
51011,VA,Appomattox,14215.0
51013,VA,Arlington,188176.0
51015,VA,Augusta,71896.0
51017,VA,Bath,4823.0
51019,VA,Bedford,66363.0
51021,VA,Bland,6840.0
51023,VA,Botetourt,32491.0
51025,VA,Brunswick,18011.0
51027,VA,Buchanan,25009.0
51029,VA,Buckingham,16547.0
51031,VA,Campbell,53475.0
51033,VA,Caroline,26722.0
51035,VA,Carroll,29894.0
51036,VA,Charles City,7156.0
51037,VA,Charlotte,12731.0
51041,VA,Chesterfield,298496.0
51043,VA,Clarke,13939.0
51045,VA,Craig,5158.0
51047,VA,Culpeper,44076.0
51049,VA,Cumberland,9596.0
51051,VA,Dickenson,15958.0
51053,VA,Dinwiddie,26590.0
51057,VA,Essex,10576.0
51059,VA,Fairfax,1018981.0
51061,VA,Fauquier,63761.0
51063,VA,Floyd,14762.0
51065,VA,Fluvanna,24638.0
51067,VA,Franklin,53037.0
51069,VA,Frederick,72456.0
51071,VA,Giles,17161.0
51073,VA,Gloucester,36220.0
51075,VA,Goochland,20176.0
51077,VA,Grayson,16096.0
51079,VA,Greene,17607.0
51081,VA,Greensville,12048.0
51083,VA,Halifax,36383.0
51085,VA,Hanover,98025.0
51087,VA,Henrico,291460.0
51089,VA,Henry,55464.0
51091,VA,Highland,2479.0
51093,VA,Isle of Wight,33716.0
51095,VA,James City,61133.0
51097,VA,King and Queen,6915.0
51099,VA,King George,21519.0
51101,VA,King William,14874.0
51103,VA,Lancaster,11551.0
51105,VA,Lee,25228.0
51107,VA,Loudoun,267194.0
51109,VA,Louisa,30946.0
51111,VA,Lunenburg,13070.0
51113,VA,Madison,13291.0
51115,VA,Mathews,8987.0
51117,VA,Mecklenburg,32642.0
51119,VA,Middlesex,10732.0
51121,VA,Montgomery,90062.0
51125,VA,Nelson,14809.0
51127,VA,New Kent,16680.0
51131,VA,Northampton,12776.0
51133,VA,Northumberland,12430.0
51135,VA,Nottoway,15719.0
51137,VA,Orange,31438.0
51139,VA,Page,24045.0
51141,VA,Patrick,18766.0
51143,VA,Pittsylvania,62586.0
51145,VA,Powhatan,27391.0
51147,VA,Prince Edward,21722.0
51149,VA,Prince George,34575.0
51153,VA,Prince William,359174.0
51155,VA,Pulaski,34891.0
51157,VA,Rappahannock,7348.0
51159,VA,Richmond,9328.0
51161,VA,Roanoke,90489.0
51163,VA,Rockbridge,21931.0
51165,VA,Rockingham,73000.0
51167,VA,Russell,28618.0
51169,VA,Scott,23272.0
51171,VA,Shenandoah,40610.0
51173,VA,Smyth,32632.0
51175,VA,Southampton,18028.0
51177,VA,Spotsylvania,117891.0
51179,VA,Stafford,119892.0
51181,VA,Surry,6991.0
51183,VA,Sussex,12193.0
51185,VA,Tazewell,44195.0
51187,VA,Warren,36231.0
51191,VA,Washington,53322.0
51193,VA,Westmoreland,16841.0
51195,VA,Wise,41531.0
51197,VA,Wythe,28628.0
51199,VA,York,63912.0
51510,VA,Alexandr,127676.0
51515,VA,Bedfo,6147.0
51520,VA,Brist,17684.0
51530,VA,Buena Vis,6679.0
51540,VA,Charlottesvil,41066.0
51550,VA,Chesapea,217271.0
51560,VA,Clifton For,0
51570,VA,Colonial Heigh,17604.0
51580,VA,Covingt,5979.0
51590,VA,Danvil,44586.0
51595,VA,Empor,5734.0
51600,VA,Fairf,21407.0
51610,VA,Falls Chur,10852.0
51620,VA,Frankl,8489.0
51630,VA,Fredericksbu,22479.0
51640,VA,Gal,6879.0
51650,VA,Hampt,140839.0
51660,VA,Harrisonbu,45858.0
51670,VA,Hopewe,22295.0
51678,VA,Lexingt,6978.0
51680,VA,Lynchbu,70919.0
51683,VA,Manass,35631.0
51685,VA,Manassas Pa,12490.0
51690,VA,Martinsvil,14281.0
51700,VA,Newport Ne,183581.0
51710,VA,Norfo,243406.0
51720,VA,Nort,3825.0
51730,VA,Petersbu,32181.0
51735,VA,Poquos,12008.0
51740,VA,Portsmou,99213.0
51750,VA,Radfo,16163.0
51760,VA,Richmo,198618.0
51770,VA,Roano,94247.0
51775,VA,Sal,24508.0
51790,VA,Staunt,23638.0
51800,VA,Suffo,80291.0
51810,VA,Virginia Bea,437739.0
51820,VA,Waynesbo,20728.0
51830,VA,Williamsbu,12810.0
51840,VA,Winchest,25757.0
53001,WA,Adams,16997.0
53003,WA,Asotin,21133.0
53005,WA,Benton,159564.0
53007,WA,Chelan,69536.0
53009,WA,Clallam,69642.0
53011,WA,Clark,401698.0
53013,WA,Columbia,3895.0
53015,WA,Cowlitz,99162.0
53017,WA,Douglas,35558.0
53019,WA,Ferry,7562.0
53021,WA,Franklin,64585.0
53023,WA,Garfield,2245.0
53025,WA,Grant,81036.0
53027,WA,Grays Harbor,71256.0
53029,WA,Island,79136.0
53031,WA,Jefferson,29239.0
53033,WA,King,1822967.0
53035,WA,Kitsap,245054.0
53037,WA,Kittitas,38680.0
53039,WA,Klickitat,19701.0
53041,WA,Lewis,73318.0
53043,WA,Lincoln,10418.0
53045,WA,Mason,56872.0
53047,WA,Okanogan,39322.0
53049,WA,Pacific,21326.0
53051,WA,Pend Oreille,12681.0
53053,WA,Pierce,763408.0
53055,WA,San Juan,15270.0
53057,WA,Skagit,112621.0
53059,WA,Skamania,10583.0
53061,WA,Snohomish,670706.0
53063,WA,Spokane,447517.0
53065,WA,Stevens,42366.0
53067,WA,Thurston,232688.0
53069,WA,Wahkiakum,3936.0
53071,WA,Walla Walla,56705.0
53073,WA,Whatcom,188926.0
53075,WA,Whitman,42827.0
53077,WA,Yakima,230617.0
54001,WV,Barbour,15922.0
54003,WV,Berkeley,96318.0
54005,WV,Boone,25101.0
54007,WV,Braxton,14585.0
54009,WV,Brooke,24399.0
54011,WV,Cabell,94943.0
54013,WV,Calhoun,7531.0
54015,WV,Clay,9695.0
54017,WV,Doddridge,7848.0
54019,WV,Fayette,46200.0
54021,WV,Gilmer,8083.0
54023,WV,Grant,11834.0
54025,WV,Greenbrier,35196.0
54027,WV,Hampshire,23016.0
54029,WV,Hancock,31266.0
54031,WV,Hardy,13611.0
54033,WV,Harrison,68141.0
54035,WV,Jackson,28877.0
54037,WV,Jefferson,50003.0
54039,WV,Kanawha,192954.0
54041,WV,Lewis,16445.0
54043,WV,Lincoln,22064.0
54045,WV,Logan,36440.0
54047,WV,McDowell,23199.0
54049,WV,Marion,56284.0
54051,WV,Marshall,33814.0
54053,WV,Mason,26648.0
54055,WV,Mercer,61297.0
54057,WV,Mineral,27324.0
54059,WV,Mingo,27054.0
54061,WV,Monongalia,89656.0
54063,WV,Monroe,13382.0
54065,WV,Morgan,17038.0
54067,WV,Nicholas,26205.0
54069,WV,Ohio,44925.0
54071,WV,Pendleton,7922.0
54073,WV,Pleasants,7670.0
54075,WV,Pocahontas,8938.0
54077,WV,Preston,32238.0
54079,WV,Putnam,54207.0
54081,WV,Raleigh,78178.0
54083,WV,Randolph,29049.0
54085,WV,Ritchie,10588.0
54087,WV,Roane,15442.0
54089,WV,Summers,13879.0
54091,WV,Taylor,16498.0
54093,WV,Tucker,7111.0
54095,WV,Tyler,9484.0
54097,WV,Upshur,23754.0
54099,WV,Wayne,42717.0
54101,WV,Webster,9391.0
54103,WV,Wetzel,16917.0
54105,WV,Wirt,5791.0
54107,WV,Wood,86552.0
54109,WV,Wyoming,24288.0
55001,WI,Adams,21185.0
55003,WI,Ashland,16408.0
55005,WI,Barron,45968.0
55007,WI,Bayfield,15172.0
55009,WI,Brown,240191.0
55011,WI,Buffalo,13908.0
55013,WI,Burnett,16056.0
55015,WI,Calumet,46809.0
55017,WI,Chippewa,60271.0
55019,WI,Clark,34399.0
55021,WI,Columbia,55820.0
55023,WI,Crawford,16953.0
55025,WI,Dane,465018.0
55027,WI,Dodge,89003.0
55029,WI,Door,28167.0
55031,WI,Douglas,43815.0
55033,WI,Dunn,42828.0
55035,WI,Eau Claire,95896.0
55037,WI,Florence,4794.0
55039,WI,Fond du Lac,99920.0
55041,WI,Forest,9737.0
55043,WI,Grant,50051.0
55045,WI,Green,35869.0
55047,WI,Green Lake,19195.0
55049,WI,Iowa,23589.0
55051,WI,Iron,6236.0
55053,WI,Jackson,20016.0
55055,WI,Jefferson,81300.0
55057,WI,Juneau,26695.0
55059,WI,Kenosha,161607.0
55061,WI,Kewaunee,20755.0
55063,WI,La Crosse,110641.0
55065,WI,Lafayette,16785.0
55067,WI,Langlade,20440.0
55069,WI,Lincoln,29457.0
55071,WI,Manitowoc,81869.0
55073,WI,Marathon,130516.0
55075,WI,Marinette,42389.0
55077,WI,Marquette,15437.0
55078,WI,Menominee,4312.0
55079,WI,Milwaukee,930263.0
55081,WI,Monroe,43208.0
55083,WI,Oconto,37756.0
55085,WI,Oneida,36746.0
55087,WI,Outagamie,171632.0
55089,WI,Ozaukee,85362.0
55091,WI,Pepin,7540.0
55093,WI,Pierce,39915.0
55095,WI,Polk,44367.0
55097,WI,Portage,68481.0
55099,WI,Price,14882.0
55101,WI,Racine,193915.0
55103,WI,Richland,18299.0
55105,WI,Rock,158538.0
55107,WI,Rusk,14945.0
55109,WI,St. Croix,79784.0
55111,WI,Sauk,59580.0
55113,WI,Sawyer,16624.0
55115,WI,Shawano,41639.0
55117,WI,Sheboygan,114775.0
55119,WI,Taylor,20394.0
55121,WI,Trempealeau,28286.0
55123,WI,Vernon,29123.0
55125,WI,Vilas,22064.0
55127,WI,Walworth,101026.0
55129,WI,Washburn,16098.0
55131,WI,Washington,127483.0
55133,WI,Waukesha,380799.0
55135,WI,Waupaca,52634.0
55137,WI,Waushara,24690.0
55139,WI,Winnebago,162727.0
55141,WI,Wood,74603.0
56001,WY,Albany,33950.0
56003,WY,Big Horn,11222.0
56005,WY,Campbell,39497.0
56007,WY,Carbon,15136.0
56009,WY,Converse,12801.0
56011,WY,Crook,6286.0
56013,WY,Fremont,37408.0
56015,WY,Goshen,12538.0
56017,WY,Hot Springs,4632.0
56019,WY,Johnson,7796.0
56021,WY,Laramie,86819.0
56023,WY,Lincoln,16429.0
56025,WY,Natrona,70806.0
56027,WY,Niobrara,2321.0
56029,WY,Park,26789.0
56031,WY,Platte,8690.0
56033,WY,Sheridan,27422.0
56035,WY,Sublette,7957.0
56037,WY,Sweetwater,39749.0
56039,WY,Teton,20014.0
56041,WY,Uinta,19709.0
56043,WY,Washakie,7979.0
56045,WY,Weston,6717.0
